maximum_x,minimum_x,mean_x,median_x,standard_deviation_x,variance_x,kurtosis_x,skewness_x,root_mean_square_x,entropy_x,maximum_y,minimum_y,mean_y,median_y,standard_deviation_y,variance_y,kurtosis_y,skewness_y,root_mean_square_y,entropy_y,maximum_z,minimum_z,mean_z,median_z,standard_deviation_z,variance_z,kurtosis_z,skewness_z,root_mean_square_z,entropy_z,maximum_total,minimum_total,mean_total,median_total,standard_deviation_total,variance_total,kurtosis_total,skewness_total,root_mean_square_total,entropy_total
1.0,-0.8117853357554883,1.601095,0.9578653826,0.9852965499999999,0.2985843,0.9980543073296879,-0.16891073565264667,0.2803681672299814,0.07860630919589882,1.0,0.08197492198259049,0.0287748,-0.37212935506319994,-0.3554793,-0.9866524,0.4149491384908644,-0.46745621856024155,0.18358248999988364,0.03370253063455737,1.0,0.7741531305831133,0.2128706,-0.092802110414,-0.093372855,-0.5617082,0.14880152909870686,-0.04930373474500098,0.11631708113953451,0.013529663364821054,1.0,-0.6131322791645992,2.9772437209844966,1.1904370829757673,1.21754289902328,0.1004305802571233,1.341096008925132,0.24643574811392804,0.6175743328790995,0.38139805663106474
0.9991077188848179,1.6710977131500435,0.1548937,0.145939117,0.1462985,0.1334667,0.1459654531671718,-0.6301810890489159,0.0027726607362118794,7.687647558131001e-06,0.999553859442409,-0.4193716888674266,0.8578039,0.8481637432,0.8482589,0.8398468,0.848169463170708,0.007941295597617408,0.0031149600721764904,9.702976251253766e-06,0.999553859442409,0.08759012637836427,0.5196064,0.5055870621999999,0.5052684000000001,0.4935746,0.5056048872284374,0.26556548015972425,0.004245530032185754,1.8024525254191167e-05,1.0,-0.030278478294678557,1.01760260979885,0.9963336537628655,0.9961695716804551,0.9819797249792901,0.9963513040355895,0.14745831231397566,0.005930550814057525,3.517143295811838e-05
0.9973231566544539,17.478529228217546,1.085787,1.025359344,1.0251245,0.9563047,1.0254063863955407,-0.08836543608680714,0.009822063563780478,9.647293265094404e-05,1.0,-0.2620627907788289,0.01320506,-0.0510010757874,-0.041471060000000004,-0.121338,0.05932878350199496,-0.8828880546546471,0.03031162846754479,0.0009187948203544718,1.0,-0.8828854037318061,0.112407,0.0301929525148,0.05781348,-0.08824157,0.05659850918201649,-0.709546502171049,0.04787250630649952,0.002291776860065837,1.0,16.928900008579607,1.1946646324023416,1.0581815530542147,1.0571058310875494,0.9183566085825118,1.0583896868947036,0.33119722936348966,0.020988808942844838,0.0004405301008392434
1.0,0.40022717793945084,1.820729,0.9916883297999999,0.9317850999999999,0.5766296,1.0291028422211785,1.032176866414973,0.274967118772762,0.07560691640619419,1.0,0.4368423561054575,0.2374056,-0.217354601702,-0.2076716,-0.6234494,0.26090689159545627,0.010349136770699012,0.1443238829888113,0.020829383200968093,1.0,-0.2255192114143636,0.5740643,0.06021947964379999,0.006768767,-0.2653545,0.2042887815725905,0.8127696646338205,0.1952114764757532,0.03810752054784355,1.0,1.736623696556232,3.6158144387926803,1.1688589722261244,0.9725582860736557,0.37665507740948995,1.3498381456006288,1.530158977269825,0.6751531103127886,0.4558317223650325
1.0,0.055781079456289184,1.433285,0.887959806,0.8074205000000001,0.6171009,0.9108679986400777,1.1497067391034217,0.20299727553596145,0.04120789387502305,1.0,0.40239444539676006,0.06603741,-0.1531426564118,-0.1421363,-0.4562994,0.18332903799025768,-0.6295741810021863,0.1007812629290322,0.010156862957570718,1.0,-0.09806741656968887,-0.225758,-0.48389925500000003,-0.45434315000000003,-0.9151888,0.5050213122098665,-0.7525828755224923,0.14452694142138467,0.020888036796620355,1.0,1.048857152695942,2.6948621973461298,1.1183365729031893,0.9482737523154601,0.5146054649722269,1.2251489455845552,1.3827227466782053,0.5003131505108542,0.25031324857409665
1.0,-0.24249231144721106,1.514191,0.9026493262,0.8750900500000001,0.4974957,0.9253319317132371,0.48849047067954277,0.20362558227992122,0.04146337775883697,1.0,-0.3162224259496398,0.05972621,-0.28284238329760003,-0.26918705,-0.6670863,0.3186552137004795,-0.3041113563688331,0.14676965431938502,0.021541331429031772,1.0,0.2689653127542777,-0.1306508,-0.4122840878,-0.38766005000000003,-0.8852602,0.4378779754541577,-0.806650009446787,0.14750916017235605,0.02175895233475379,1.0,0.5755873164058483,2.92064150793854,1.1495174504544812,1.02547794612983,0.33394884083450005,1.2626616177522028,1.0125596007380824,0.5224212783235759,0.27292399204523915
1.0,-0.857811149429927,1.441059,1.0234917492,0.9874905,0.6657256,1.0358101051909046,0.3671373410905214,0.15927088037402487,0.02536721333511694,1.0,1.105660230679839,0.4645768,-0.057841127216,-0.040440785,-0.6701224,0.1886643977545829,-0.6958643070845395,0.17957911622035,0.03224865898248197,1.0,-0.8152211079326706,0.203611,-0.026362419914939997,-0.03216374,-0.3490208,0.10099034346304678,-0.06186611305341852,0.09748883161169042,0.00950407228901253,1.0,-0.20846350032152916,2.4592282353984003,1.1186958784684762,1.0126132571148498,0.47909571481161006,1.1739721049245642,0.6989391281354413,0.35599162158491365,0.12673003463865637
0.999553859442409,-0.16829321566599376,1.734999,1.0148887921999998,0.99280095,0.5707848,1.036653030997357,0.42058827618697364,0.2113060485240123,0.044650246142832244,1.0,0.19966358977847243,0.3323591,-0.0944168052822,-0.07981413500000001,-0.5377842,0.1717978811159966,-0.46990598238236164,0.14352692721663496,0.02059997883624923,1.0,1.2273707795538824,0.4583491,0.11747756143908,0.14731365000000002,-0.365721,0.1724018452251518,-0.8756758993526846,0.126180104594046,0.015921418795364385,1.0,0.5243633529313549,3.028387666210366,1.1338864148689904,1.0246771103093524,0.34540346763844004,1.2270783238990681,0.8724758322442946,0.46906589212870126,0.22002281115849442
0.9901849077329973,2.215048587908302,1.029887,1.022310578,1.022378,1.009282,1.0223143336248544,-0.5950001579774755,0.002771072741000497,7.678844135916008e-06,0.9991077188848179,-0.03182427965856949,-0.1180947,-0.1326449774,-0.1317448,-0.147162,0.13273829406766738,-0.4495016355225033,0.004976412618345593,2.4764682548029244e-05,1.0,-0.5267591797931237,-0.04077051,-0.058790079860000004,-0.05796601,-0.08036879,0.05929645434666249,-0.25824143443421455,0.007732787863419671,5.979600814065057e-05,1.0,2.596352692291787,1.0824847988986241,1.0662621209449104,1.0666082149497054,1.0376015137180123,1.0662788045104792,-0.7307450271464571,0.005964762053792463,3.557838635836248e-05
1.0,-0.3534344414056334,1.069117,0.8224266050000001,0.77967805,0.6960658,0.8257084575606398,0.9813899178944235,0.07354547080102809,0.005408936275344875,0.999553859442409,-1.125202793508826,0.4702471,0.35460334639999996,0.43175430000000004,0.1384194,0.37270504016441725,-0.8651976035279213,0.11474107235807711,0.013165513685881486,1.0,5.304897109874554,0.5639844,0.4295196934,0.45047625,0.1615828,0.43352556906733375,-1.7329472619791826,0.058798401481039396,0.003457252016725496,1.0,9.875824320747693,1.2123660940591299,1.0086479228862864,1.0007325772132398,0.83535617907966,1.0092842056844251,1.2444547387577354,0.035832603885584784,0.0012839755012212257
1.0,-0.7130771300139367,1.323691,0.9778611827999999,0.9817318500000001,0.6677173,0.987362768745083,0.06008725410531677,0.13664825017884827,0.018672744276941104,1.0,0.20954874380408306,0.2266457,-0.0876285579602,-0.070239795,-0.5181398,0.16732421074149137,-0.708352129405234,0.14254342261247582,0.020318627330078883,1.0,-0.25521064252957837,0.562842,0.2891832618,0.28563525,0.03981907,0.30636012167094395,0.19845219773696615,0.10114131324512388,0.01022956524494827,1.0,-0.4988093070872295,1.96002633839272,1.0967391527544545,1.0348272920366415,0.54061737790301,1.1359787540568782,0.5509471119167211,0.29599148718173995,0.08761096048405811
0.998215437769636,-1.33860282292095,1.015509,0.9144724508000001,0.99369005,0.7056316,0.921188724982265,-0.7006480749127981,0.11103514651808524,0.012328803762292659,1.0,-1.4939916233825528,0.5422135,0.18939678343679997,0.047499244999999995,-0.007190775,0.2779473091510847,0.5871700422705494,0.2034295088922021,0.041383565088122534,1.0,-1.4892363348213145,0.479307,0.3069800496,0.2391189,0.1949661,0.32429445324635636,0.5432630440292066,0.10454731729668983,0.010930141553934741,1.0,-0.32567347191720053,1.07682854707051,1.0310102661051328,1.04505464111477,0.93672771974134,1.0313579940588857,-0.8464082983172434,0.026779527534880613,0.000717143094991429
1.0,0.319613198023041,1.68342,1.0170191862,0.9905632499999999,0.4604217,1.0361109486878504,0.38248202333334086,0.19798452690027893,0.03919787289192727,1.0,0.10903348028336524,0.354611,-0.1623612044536,-0.12883895,-0.6955421,0.24249697006576237,-0.5986187361979569,0.18012112530031438,0.03244361977945155,1.0,-0.6459101920327166,0.2058971,0.022445892900259997,0.014570325,-0.1774039,0.07801040898860158,0.028977231188389622,0.07471148373897381,0.005581805802478948,1.0,0.8081934008079381,2.986144665728717,1.1384163023924816,1.0106147852458185,0.3086507762465249,1.2204387302353672,0.986690116649729,0.43986249749841727,0.19347901670554513
1.0,-1.062496278804816,1.63165,1.0147220522,0.96304775,0.5242987,1.0490204837894486,0.20401767452167235,0.2660509954667883,0.07078313218886902,1.0,0.9755596120897834,0.3090377,-0.1083275289,-0.1031621,-0.7205483,0.19247624661038848,-0.6128178460677881,0.15909824634999203,0.02531225199164275,1.0,1.7279745807866114,0.7028908,0.1193234256338,0.08768354,-0.2190106,0.18451775658935823,1.0722136065807166,0.14074346376221045,0.019808722591784646,1.0,-0.5563151703620712,2.92203634501679,1.1715378834158414,0.9647025114872013,0.31110080339334006,1.3163767799111472,0.6617907845430201,0.6002889424358671,0.36034681441077165
0.999553859442409,1.6395548926922814,0.1343713,0.10855535308,0.10803845000000001,0.09367718,0.10871939011913895,0.8034004680419662,0.005970017215558203,3.5641105554061314e-05,1.0,2.751281864732489,0.7976885,0.7745615378,0.77513345,0.7332077,0.7746106845695213,-0.9517696566210504,0.008725640959938195,7.613681016175115e-05,1.0,0.37393692256162137,0.634267,0.6121769442,0.612004,0.5903951,0.6122146545628498,0.01561959590507254,0.006795016663672459,4.6172251459586394e-05,1.0,1.2024105933274836,1.0219962757753398,0.9866484016986496,0.9870276764372838,0.9436701041800999,0.9867096295078526,-0.19538921722528543,0.010992014784550096,0.0001208243890237679
1.0,0.2783050417408699,1.62414,0.9042584901999999,0.8482605000000001,0.504941,0.9275638485672001,0.8574744217562097,0.20661867309130694,0.042691276070012364,1.0,-0.1599142165894647,-0.02440388,-0.37719423304,-0.3675376,-0.9362651,0.4161425850863959,-0.46606902856929083,0.1757815737890476,0.030899161683754384,1.0,2.3578019631293765,0.06750817,-0.30802923892,-0.288037,-1.026779,0.35378366479390616,-1.108263465857243,0.17401399209653368,0.030280869445372487,1.0,1.5652520141687862,3.1720211703292502,1.158712225766191,0.99586818175479,0.33457126877373694,1.2974872754183384,1.416886625452116,0.5838314891580129,0.34085920773246287
1.0,-0.5900529261698924,1.867257,0.9845060048000001,0.8322774500000001,0.4098869,1.042543576602282,0.8151337681915627,0.34299422098254156,0.11764503562742054,1.0,-0.12151212429193947,0.09705856,-0.189117582574,-0.15742725,-0.6445973,0.23759781594439827,-0.7270653090523784,0.14383067163478883,0.020687262102914446,1.0,3.96907507543252,0.2175566,-0.25498487128,-0.2092854,-1.133099,0.3096248898076723,-1.600010701740253,0.1756425000013808,0.03085028780673505,1.0,0.2451953272409204,4.63074321278264,1.2392174036446395,0.7824033216949751,0.17360423485001159,1.5375130525213316,1.1381808589003672,0.9101025289370978,0.8282866131777009
1.0,-0.8408500166451454,1.49361,0.9734828926,0.9085951000000001,0.5051119,0.9915360184340115,0.5794788600816881,0.1883473749939438,0.035474733667109286,1.0,0.8715774386556427,0.1413257,-0.1166048164419,-0.095740375,-0.5296718,0.1674088432118628,-1.0086343950489445,0.1201209289344903,0.01442903756808487,1.0,1.287528050698457,-0.004593324,-0.315794729128,-0.24305875,-1.090273,0.3819947471396213,-1.2859131211149066,0.21492714090415913,0.046193675897236275,1.0,1.5778812209145379,3.45052487724889,1.1570893834797695,0.9487211922415549,0.3099910379251981,1.270591621168038,1.3375515176405017,0.5249259246987421,0.27554722642082946
1.0,-0.18547872280637634,1.698253,0.9965722519999999,0.9930862,0.4439566,1.0171162225885204,0.23549676970573732,0.2033940923340434,0.041369156796389375,1.0,5.524154673592324,0.1088567,-0.16002632542999998,-0.13371265,-0.8592921,0.21775387129437468,-1.9339978085214298,0.1476764152905224,0.02180832363305884,1.0,0.28583490399460265,0.2902529,-0.17615492956319997,-0.13214845,-0.8452637,0.2737803556093772,-0.7859181142449821,0.20958321475772113,0.043925123908181055,1.0,0.5368250217676063,2.93829961935797,1.156897841834025,1.074508045726395,0.2137999755687576,1.2636507500852336,0.8505896207022235,0.5083311929743729,0.25840060175074914
0.999553859442409,-0.18579017345418158,0.8018536,0.7950781989999999,0.7952282500000001,0.7895713,0.7950810529222453,0.08550374940179571,0.002130302997833642,4.538190862579002e-06,0.9991077188848181,0.006240004140999567,0.5573008,0.5471504292000001,0.54712585,0.5389274,0.547157798557665,-0.11279529707272043,0.0028397796967489165,8.064348726067369e-06,1.0,1.30585768337526,0.25545,0.2452247782,0.24511485,0.2249313,0.24525898350638456,-0.35246675025685875,0.0040959916193548,1.6777147345824763e-05,1.0,0.4538836442637777,1.0075376695931402,0.9916875062290015,0.9914273845053001,0.9777866475801099,0.9916988785126317,0.14303714178364793,0.004749277051887602,2.2555632515586193e-05
1.0,-0.2792676368505771,2.033207,1.0031981506,0.8972150999999999,0.4818321,1.0518485375214808,0.8308861094577804,0.3161942702181966,0.09997881651881793,1.0,1.5543568706171405,0.1994477,-0.209234341608,-0.1811297,-0.936902,0.26733121155248846,-0.9880139227228444,0.16639401119628103,0.027686966961988094,1.0,2.1156239269423383,0.1390415,-0.098523411294,-0.07626747,-0.6169962,0.14535255621014964,-1.1160728096778714,0.1068667535944553,0.011420503023818024,1.0,1.023398158660302,4.383419381190279,1.1989786881530242,0.8632574860806705,0.24470443589727922,1.44496840062149,1.313770681857085,0.8064637525329206,0.6503837841494798
1.0,-0.1480084993934394,2.082583,0.9551709256,0.80783315,0.4535676,1.025989151296564,1.0032641489580723,0.3745694080763709,0.14030224146668285,1.0,0.14349111800103342,-0.01274145,-0.34607220952,-0.29122365,-1.00164,0.40909669756551487,-0.917015866761677,0.21816079793802448,0.047594133756955544,1.0,3.3681620195882447,0.4119874,-0.1958041630242,-0.16060365,-0.9440759,0.2634994067807335,-1.3247040660997604,0.1763311291751714,0.03109266711619099,1.0,1.7020347300169503,5.83962270749,1.2894457839110525,0.750874258200585,0.2564881408332909,1.706077223961308,1.5619420308493803,1.1171522118644057,1.248029064473534
0.996430875539272,1.2046602882335868,1.032666,1.0153989426,1.0156115,0.9945369,1.0154123910476582,-0.31217453527386996,0.005226017597012588,2.7311259924285224e-05,1.0,-0.1300897541099082,-0.0349132,-0.08328471920000001,-0.08174964,-0.1176467,0.08422912534800744,-0.11985773940084803,0.012577802060276724,0.00015820110466750138,0.999553859442409,2.1686871321152754,-0.1035838,-0.1657231142,-0.16680325000000001,-0.1924121,0.16627485554242474,1.0514860136757336,0.013534289989060318,0.00018317700550797832,1.0,1.4055691094273621,1.1056781129458841,1.0658041970356669,1.066125763794438,1.0211409763516224,1.0658648519267158,-0.4011018262577518,0.01137084666668953,0.00012929615391736439
0.999553859442409,-0.10818969275274526,-0.04690586,-0.0565282604,-0.05665544,-0.06704346,0.05662737616957379,0.10234148394409713,0.003348956255343781,1.121550800020624e-05,0.999553859442409,0.2727737014714391,0.5858369,0.5773005055999999,0.5776352,0.5667085,0.5773075393876392,-0.17609657365025955,0.002849783815486472,8.121267795008634e-06,0.9991077188848179,0.20250634724876804,0.8414775,0.8296282026000001,0.82978705,0.8154459,0.8296374414427083,-0.18096604535643865,0.003915315350871913,1.532969429677325e-05,1.0,0.735851490550917,1.0450697760103,1.0247889390092644,1.024542107722322,0.9962782767942825,1.0248126395572275,-0.23601348051210694,0.0069696973045884555,4.8576680517587584e-05
0.9950924538664988,0.7866174986836976,1.023777,1.0161090799999999,1.0159850000000001,1.007189,1.016112181377826,-0.15840988624916819,0.0025105150781463154,6.302685957600001e-06,1.0,2.229333473028219,-0.09857696,-0.12766668012,-0.1269738,-0.1689076,0.12797463541558765,-0.5775335193891213,0.008872772784771398,7.872609689017998e-05,0.999553859442409,0.4174533919751866,0.1414149,0.1233982818,0.12395205,0.1024357,0.12354050435633303,-0.28827961195785573,0.005926235350112984,3.5120265424928756e-05,1.0,0.7147643347724357,1.0801829795958502,1.0641237286707736,1.06379301776297,1.04513955658685,1.0641375069883618,-0.005959607436045936,0.0054151508950004605,2.9323859215624285e-05
1.0,-0.5481092183553629,1.639734,0.9771127463999999,1.0028295,0.3757193,1.003027986626717,0.09282122626866188,0.22652996000329664,0.051315822779095174,1.0,0.09139585747350765,0.1687038,-0.304663051846,-0.2556694,-1.023093,0.3744539965313685,-0.6803961107982918,0.21770673016284003,0.04739622035819564,1.0,-0.35071705584691726,0.2485001,-0.09815544324999999,-0.07075896500000001,-0.5493346,0.18206900198481415,-0.621590088450964,0.1533448089898784,0.02351463044414229,1.0,2.43756837741841,3.7661868360760002,1.1794300589585063,1.1039018583606417,0.3058220479013025,1.3194163276744417,1.3106394953899074,0.5914424585359463,0.3498041817590446
1.0,-0.7160512312967149,2.063695,1.0044982815999999,0.88539335,0.2273251,1.0926671698677415,0.5579337878889665,0.4300055189987998,0.1849047463694272,1.0,1.1024474674928078,0.2608765,-0.16287767463,-0.1185508,-1.022424,0.2678075297476487,-0.9511388118186906,0.212583480300473,0.04519173609666159,1.0,1.930086998940988,0.5564293,0.009049790887600002,0.006804054,-0.7545661,0.15625922995935165,0.004143483285659637,0.15599694943293044,0.024335048232380252,1.0,0.15991569641155667,4.67031541166925,1.2900593640438074,0.8603923795089916,0.0778578948125284,1.665319955292598,1.077366515797441,1.0531084420602788,1.1090373907386277
1.0,0.8726417212860871,-0.08331501,-0.16427987964,-0.1738147,-0.206632,0.1660245489086451,1.2433290819021348,0.02400566570179209,0.0005762719857861971,0.998661578327227,0.42531912592101984,0.2473804,0.2064002996,0.2027732,0.1733784,0.20679331150510685,0.6327617281985025,0.012743233823421738,0.00016239000827839983,1.0,7.231855227789778,1.03755,0.961604059,0.9612229,0.8652168,0.9617330144462105,0.4490158372783062,0.015748802828134557,0.000248024790519459,1.0,5.891572795742944,1.14984059538196,0.9952580155993621,0.9952150686996699,0.81314805271189,0.9957941827798703,0.44237542110363026,0.03267318232816261,0.0010675368434493577
0.999553859442409,0.5152140329523158,0.9494097,0.9402172994,0.94011185,0.9302187,0.9402218341049039,0.16717006844483034,0.0029201432430857985,8.527236560139646e-06,1.0,-1.1446292710262418,0.3281363,0.30925398759999995,0.3082543,0.2922342,0.30936439158319273,0.05777472977329077,0.0082642563572318,6.829793313804624e-05,0.999553859442409,-0.8028240697952738,0.2355221,0.2044448596,0.20486159999999998,0.1735359,0.2049062116832556,-0.10413217396011737,0.013742451365002092,0.00018885496951944787,1.0,1.0579275103532257,1.03887442665227,1.0217099796936115,1.02194733125934,1.00198429344857,1.0217226199853255,-0.19757121303448957,0.005082281393029256,2.5829584157931394e-05
0.9977692972120451,7.913525385986889,1.114409,1.0048598469999999,1.003805,0.9046437,1.0050183169708478,-0.03328991461185841,0.017846717738897844,0.000318505334051891,1.0,0.7685914493861112,-0.09478044,-0.24213629550000002,-0.25438115,-0.3448635,0.24570275915571313,0.8533652827407227,0.04171163216978026,0.0017398602582670473,1.0,0.5505660440903521,0.1492028,0.08456130428,0.083809685,0.02400227,0.08675497197708583,0.4755586920509192,0.019385844867072524,0.0003758109812102021,1.0,8.890887053625924,1.3333249608342745,1.0779580884663906,1.0780767519408787,0.9054236380324301,1.0785235402858813,0.5698599354371752,0.034919714498777725,0.0012193864606761474
0.998215437769636,0.6661385960824102,1.029265,1.0028776302000002,1.0017605,0.9779218,1.0029068069468414,0.1328409051783321,0.00764998462357853,5.852226474098794e-05,1.0,2.9687575322547337,0.01481522,-0.045226012543799994,-0.039976134999999996,-0.1647927,0.05190023498704827,-1.1319052446884517,0.025460600564379352,0.0006482421810988742,1.0,-0.22040311284500191,0.2678103,0.217189562,0.2236344,0.1512404,0.2185224659301424,-0.743639813504183,0.024099009822778943,0.000580762274438396,1.0,1.8520555496205011,1.100265953403322,1.0562677659282098,1.0562909388242239,1.0134201045297526,1.0563309262742868,-0.041066501401776784,0.011551297092573905,0.00013343246452090637
1.0,0.8597231756341035,1.736587,1.0045949424,0.9730784,0.7140156,1.0183407667472286,0.9158874445968188,0.16675406718780267,0.027806918923674203,1.0,-0.6959094907943029,0.1291063,-0.1294296517986,-0.1320172,-0.3957067,0.17157132922296814,0.09425973065794828,0.11262631240802161,0.012684686246629282,1.0,-0.2157062476254641,0.1405721,-0.15320643754240001,-0.14411629999999997,-0.4252981,0.18687983076395598,-0.09644824108325634,0.10701335730613962,0.011451858641931507,1.0,2.495484517832672,3.0904825636688043,1.1013787093770344,1.016244287311935,0.5349791962201684,1.1624400934423877,1.2637854849504013,0.3717955209161686,0.13823190937332516
0.9942001727513166,5.2527486044917815,1.045492,1.026893437,1.0267810000000002,0.9968785,1.0269062772556299,-0.8237707835340933,0.005135300706242139,2.6371313343531015e-05,1.0,0.1425368288848401,0.02510744,-0.0021968132726800007,-0.002990952,-0.02700924,0.00937025877209353,0.4120813390599871,0.009109103188622509,8.297576090097276e-05,1.0,1.1154373560890178,0.06108482,-0.00760329683774,-0.01052709,-0.05315482,0.021617750418039167,1.0899295648716198,0.020236526637094753,0.00040951701033384546,1.0,4.392982944234498,1.0936530497745276,1.0550916311496092,1.0550901892287254,0.9979599212456849,1.0551430151717056,-0.5665364366928355,0.010413085215017203,0.00010843234369520987
1.0,-0.46049827874288063,1.651297,1.0070174636,0.95869965,0.5591533,1.0294803914452881,0.3445079912104122,0.21388245457485874,0.045745704374966514,1.0,-0.7126102135724208,0.05154608,-0.22132474006,-0.2138676,-0.5786679,0.2631330777132951,-0.2833688543694962,0.1423178696588887,0.020254376024244434,1.0,-0.14745257389853883,0.3286818,0.0869163890044,0.06981958499999999,-0.08575647,0.11741030693613905,0.5832177492645476,0.07893491937839803,0.006230721497274196,1.0,0.014266582419035778,2.85870337756468,1.1428540731320531,1.0165983317043208,0.33296491495777997,1.2365468011360274,0.7355678685369142,0.472157345516532,0.2229325589252178
1.0,-0.6892484263925245,1.494241,1.0069886236,0.97810555,0.6115653,1.0244769403398464,0.40105228425449146,0.18848584357524192,0.03552691322827056,1.0,1.0786238327724504,0.03982126,-0.2124980829534,-0.1712195,-0.8306568,0.2597532412886899,-1.0657176655091223,0.1493864488536704,0.02231631110111028,1.0,0.1868389265098176,0.2915734,-0.113987475924,-0.11039095,-0.4276482,0.16310951586644037,0.02126109475651518,0.116668631168194,0.013611569498660088,1.0,-0.5629954123861283,2.30250549340285,1.143629461814258,1.0433049098308667,0.40554269893389555,1.2130151526354174,0.5914663653403092,0.40437286579783766,0.163517414593556
1.0,0.13122187740556868,0.03654054,0.009587551088935999,0.008026980999999999,-0.01755483,0.013336829682509425,0.46203089842259465,0.009270916356936167,8.594989009730658e-05,0.9991077188848179,-0.6766449844006659,0.2315744,0.2166683156,0.21616815,0.1984951,0.21676875874950136,0.07937299506487763,0.006598165264550188,4.3535784858316646e-05,1.0,0.4945888986928133,0.9939139,0.9731126546000001,0.97331965,0.9502315,0.9731342079058014,-0.19374987097675772,0.0064767317215304555,4.1948053792678854e-05,1.0,1.0734456404633717,1.0334776810456654,0.9941567523922316,0.9946593648264097,0.9511573161970889,0.994220369162265,-0.1790681816140579,0.011246960926494813,0.00012649413008210107
0.996430875539272,4.643736077830184,1.053511,1.0225157679999999,1.022588,1.010756,1.0225269858020452,0.85721304854088,0.004789664370932058,2.2940884786175994e-05,1.0,0.1588208484782565,0.02367158,-0.0012937687426799998,-0.0019224024999999999,-0.02168453,0.007412458970611386,0.28381771946164314,0.007298678677093643,5.327071043146141e-05,1.0,-0.01819070064380579,0.1279906,0.08722334870000001,0.08495259,0.06067633,0.08835274460881148,0.6591941861264009,0.014081722958078522,0.0001982949214680757,1.0,6.665995252533099,1.1165654353000063,1.0534225887213167,1.0536953184799875,1.0274512871364856,1.0534611691764264,1.1349360905429826,0.009015793600270505,8.12845342426786e-05
1.0,-0.9438760378814623,1.994136,0.9866173027999998,0.8630702,0.2233027,1.0858807940712272,0.5187995085971618,0.4535674114708993,0.20572339674841209,1.0,1.6007251648586118,0.2308169,-0.17781923079439996,-0.15152105,-1.11592,0.2695883205617034,-1.0190849321880473,0.202628190889046,0.04105818374296766,1.0,-0.019862954577540837,0.487174,0.115422419288,0.1098722,-0.2920324,0.17287364056918278,-0.051152346410234834,0.12869716674949813,0.01656296072934813,1.0,-0.32038758565451575,4.24183660747538,1.2817002571196818,0.795909343557204,0.0643539338303136,1.6886538148139916,0.9631894321596493,1.099452662548592,1.2087961571851884
1.0,0.684015440791387,2.000257,1.0157444006,0.924649,0.570319,1.0623716855543759,1.160249584432661,0.3112826865043934,0.09689691091739246,1.0,1.2763087062510747,0.2504544,-0.14045304134420003,-0.10673415,-0.6883136,0.2090734981660562,-0.9157579436431513,0.15486985120596047,0.023984670812556338,1.0,2.1222340904139596,0.2198502,-0.1010872142364,-0.07694079000000001,-0.6332642,0.1632529110175408,-1.1260156796845688,0.12819082679203403,0.01643288807362527,1.0,2.273242284581668,4.4717128221934495,1.1989968388587389,0.8970336588649122,0.3300209735622645,1.452406671956166,1.6593482460462032,0.8196900152798846,0.6718917211495374
1.0,-0.4303552728962714,2.005202,1.0163725265999999,0.90903165,0.4440309,1.0889250345937191,0.7872643526929823,0.3908255597292285,0.15274461813766477,1.0,1.940577992573477,0.2372111,-0.1248641854868,-0.098245885,-0.8196437,0.19710735240142166,-1.0731425466260438,0.1525130930556988,0.02326024355341624,1.0,2.561058730700468,0.2804041,-0.014938118331200002,0.01403185,-0.5968242,0.1274269296206741,-1.2813850921840115,0.12654831098547026,0.016014475013275294,1.0,0.5688379598129152,4.611994128913443,1.2408466617281828,0.854900100144825,0.21503872329238716,1.5764107176495354,1.237115566480992,0.9723015544564085,0.9453703127983484
1.0,-0.861859864799774,1.996721,1.0071462668,0.8869432500000001,0.258968,1.0830542727881838,0.4826255260361019,0.3983251875987318,0.15866295507556488,1.0,1.7139502107528424,0.1554839,-0.176469290434,-0.13700364999999998,-0.8989718,0.25255512298245364,-1.2156521019689523,0.18067285263260455,0.03264267967840284,1.0,0.2737477209057051,0.5750282,0.1587429996338,0.15191945,-0.1321789,0.20424980042444574,0.6124230586889635,0.1285248654568029,0.016518641040689282,1.0,-0.31220747417299544,4.346841926530439,1.2785086289228498,0.8313493730794959,0.1075220772579924,1.6002930931284998,0.9151669950017343,0.9624726851628547,0.9263536696845956
1.0,0.8782988659279436,0.9684535,0.8147715858,0.7861581,0.768828,0.8174022463443468,1.6854716277237463,0.06552629473530072,0.004293695301737499,1.0,0.8902922451597206,0.5060229,0.45005424339999994,0.4862949,0.2566283,0.4575351767802845,-1.6924499750643314,0.08239912614233076,0.0067896159890197365,1.0,0.8818962827054242,0.3928167,0.3461688092,0.37719965,0.1825569,0.35306010036293173,-1.6833878428898121,0.0694160644616028,0.004818590005337396,1.0,0.6977511449381573,1.0449199628500099,1.0021363047884337,0.9983424145880351,0.9663375688133701,1.0022245904028546,1.0369485466137,0.013302489735124505,0.0001769562331530928
1.0,-1.0280696855158917,0.08177053,0.0595570759,0.059879075000000004,0.0382851,0.06041904016812245,-0.05057054911355778,0.010169322744353873,0.00010341512507883299,0.999553859442409,0.530829117419052,0.7618134,0.7497280352,0.74962445,0.741427,0.7497351226114743,0.32822484987540057,0.003259955887756912,1.0627312390120956e-05,1.0,0.0022687836861305932,0.6918887,0.6767689466000001,0.67671455,0.6587313,0.676791517767463,-0.265835919071476,0.005527335697481059,3.055143991264843e-05,1.0,-0.02825177398748524,1.0467466675088035,1.0237999730140661,1.023611238074973,1.0051749626041635,1.023824854835399,0.2638214525520715,0.007137831261912994,5.094863512354244e-05
1.0,0.11170943375960407,1.987404,1.0141872868000001,0.8914886,0.4808567,1.0623245100270668,1.017585436567523,0.31616057929081265,0.09995751189750222,1.0,4.0812964024230345,0.2316681,-0.19306710411400002,-0.16483789999999998,-0.9312952,0.2537189068772006,-1.5829808807652395,0.16461584679488017,0.027098377015995462,1.0,0.5235520491706547,0.292778,-0.038645367836479996,-0.04169224,-0.6068273,0.1379683807642679,-0.47745346197795885,0.1324454968486931,0.017541809635497174,1.0,1.2652695449223845,4.6335352642053795,1.2119419224019232,0.834433183777565,0.24393689501969254,1.4604501509359553,1.4319571371632929,0.8149303160967721,0.6641114200935849
1.0,-1.2764115529855438,0.9461985,0.9239020052,0.92590645,0.9015016,0.923955540750377,-0.07661417863929634,0.00994615859217683,9.892607074073298e-05,1.0,-1.000141363031792,0.146069,0.12566648579999998,0.12348305000000001,0.1039702,0.12600352254889552,0.1576526922961066,0.009209888240821295,8.482204140841836e-05,1.0,-1.2797811172678104,0.4482052,0.4150264255999999,0.41078424999999996,0.3739649,0.41538246993311656,0.03956442636312919,0.01719483589407426,0.00029566238142414463,1.0,0.752509321730837,1.06748775676427,1.0421133253057882,1.042288285259855,1.0205409705799802,1.042131485254575,-0.08109770211442627,0.00615221740669367,3.7849779019224586e-05
1.0,-0.613824848556229,1.526927,1.0156621196000002,0.9776943499999999,0.6716515,1.0314122600747444,0.5169183024796379,0.17955976454130043,0.03224170904212725,1.0,-0.1622725078753131,0.3480465,-0.08501103136879999,-0.06685387000000001,-0.505887,0.16832232854422008,-0.2227460184617756,0.14527742712534963,0.02110553083216127,1.0,-0.207359963809433,0.3494251,0.13927034621264,0.13080740000000002,-0.08111217,0.16070031319808986,0.42102898508106684,0.08017706235436396,0.006428361327775567,1.0,-0.3308127906414655,2.38132923722225,1.1179682471810044,1.011314464549078,0.45775464027488966,1.183734306528146,0.7296796295959694,0.38906799758744376,0.15137390674670315
1.0,0.23322104766956286,1.665912,0.9767650072000001,0.9289042999999999,0.6939523,0.997624987877788,0.9962385644184762,0.20294269424579026,0.04118573714774031,1.0,-0.37727894813374974,-0.02472748,-0.29224943525999997,-0.26605815,-0.6693736,0.3195778759795281,-0.3990181246580246,0.12930694647155538,0.016720286405797688,1.0,-0.4544620543302731,0.3725609,0.0778092098976,0.037989565,-0.1547042,0.13892221323704065,0.7888280516574401,0.11508739368753218,0.013245108185789022,1.0,0.9498950273776576,3.0246062227159407,1.1166850165844207,0.9725020979500123,0.53171271930255,1.221867509807875,1.3118576368045993,0.4959584511427844,0.24597478525994967
1.0,0.036037578525024205,1.527113,0.9199493006,0.9126848000000001,0.5462371,0.940366920774418,0.639791870859076,0.1948928680386518,0.037983230012331344,1.0,-0.22763074945118245,0.007562979,-0.291703740842,-0.2767308,-0.7304945,0.3231317702324873,-0.49655194767888394,0.13900744049281774,0.019323068512364264,1.0,-0.2725075974465412,-0.0739962,-0.34833644082,-0.3016429,-0.772929,0.3780792807369209,-0.7776780687261649,0.14698866119331128,0.021605666519402055,1.0,1.5985833173524764,3.0366510353088496,1.1316480291428888,1.04508880933313,0.39919639472797996,1.23275742136963,1.283226954720695,0.48894130330635277,0.23906359807891484
1.0,0.18115256119152834,0.04528221,0.03326842696,0.032930815,0.02378782,0.03346099359235421,0.3016125476050381,0.003584670109607683,1.2849859794714758e-05,0.9991077188848179,0.23565285147485726,0.965071,0.958315227,0.95823985,0.9494205,0.9583185700848506,-0.12833935120882467,0.002531297969613811,6.407469410971004e-06,1.0,-0.13344352666749026,0.3097035,0.293922846,0.29385615,0.2833098,0.2939508543997982,0.022508493887829852,0.004057758202707991,1.6465401631643988e-05,1.0,1.15633041231336,1.0288205468072216,1.0059012246640313,1.0059966727768765,0.9865984545344055,1.0059143211962442,-0.05446281529271469,0.005133011504229795,2.6347807102555423e-05
0.9913549364402034,2.4716951645236778,1.030496,1.022806016,1.02278,1.011219,1.0228087659099252,-0.5351719590702605,0.002371762296635982,5.62525639174399e-06,0.999553859442409,0.755594854840238,0.06314516,0.03845887562,0.03803694,0.01905311,0.039047737241956273,0.4494890807178603,0.006755787871316609,4.5640669762228605e-05,1.0,1.2684241304085084,0.09534723,0.07354082122,0.07326281000000001,0.05882445,0.07374037913648877,0.6297233556069386,0.005421358637934472,2.939112948110671e-05,1.0,1.2896129944075447,1.0685513146921533,1.053100140921094,1.0531329481654859,1.035231217318138,1.0531093722001614,-0.20480486753176766,0.004409422614155012,1.944300779022162e-05
0.998215437769636,0.9007537750364079,1.006155,0.9975773104,0.997671,0.9867682,0.9975809427644031,-0.41545840901203385,0.0026920516000648697,7.247141817411826e-06,1.0,2.9198415783927807,-0.1210701,-0.15155519019999997,-0.15153615,-0.1727272,0.15173022534128572,0.5256442682703132,0.007285986931031647,5.308560555916396e-05,1.0,0.7394258757853045,0.2425779,0.2187155464,0.21823019999999999,0.1978904,0.21881377705357,0.36265959716046015,0.006555821184175714,4.297879139888705e-05,1.0,0.017381741350205093,1.0804556642679797,1.066069267677282,1.0660198276973,1.0493640919151699,1.0660813823389708,-0.033878802531908524,0.005082350223453576,2.5830283793838617e-05
1.0,0.7439617185632827,1.88374,0.9338626326000001,0.8529357,0.4735111,0.9816975438268499,1.1701057967213289,0.3027055516323865,0.09163065098906739,1.0,3.597949603056951,0.2691024,-0.23937923212960002,-0.19321775,-1.257436,0.3259441862949725,-1.6502688478195393,0.22121753050907797,0.048937195804534844,1.0,1.4230511189284627,0.06916071,-0.33904465243000004,-0.2848132,-1.269419,0.40737444197807426,-1.2094783630818864,0.2258376842680776,0.0510026596355679,1.0,3.0832704768126016,5.710417498185,1.2359236161121092,0.8544649495516681,0.27401603159859916,1.5819418653071975,1.8617891180040946,0.9874375323776099,0.9750328803479834
1.0,3.7703188055573387,0.02551895,-0.0341245265942,-0.037721325,-0.07689421,0.036397072680536165,1.617746583960032,0.01265952544268422,0.0001602635844339691,0.999553859442409,1.4863607937604302,1.005718,0.9790128646,0.97932085,0.9548567,0.9790356611357143,-0.2864857382750122,0.006681072005839094,4.463672314720681e-05,0.999553859442409,1.3532466670291114,0.2699043,0.22699464020000001,0.22659925,0.1978485,0.22716215988972394,0.4234357806002336,0.008722396817219678,7.608020623704395e-05,1.0,1.546104947990509,1.05997724774731,1.011438219560922,1.0120651533977862,0.9662529324317525,1.0115121405448908,0.024249698197961116,0.012228592770196998,0.0001495384811393143
1.0,-0.16881046816510148,0.06286702,0.053947299239999996,0.054413105,0.04439026,0.05405103073890153,-0.3486680741079779,0.0033470626895194867,1.120282864757342e-05,0.999553859442409,-0.2582147201380165,0.6796901,0.6674015276,0.6674995,0.6519504,0.6674164095112507,-0.02323706802812681,0.004456976786567129,1.9864642075998247e-05,0.999553859442409,-0.10734046780703554,0.7721713,0.7588934669999999,0.7594853500000001,0.7445943,0.7589098733542516,-0.2594136584676412,0.00499015223076521,2.4901619286211e-05,1.0,0.12885904218167,1.042811369384688,1.0243103734833936,1.0244565690238217,0.9998539354377582,1.0243345299419495,-0.17802623694039751,0.007034771190720266,4.948800570578783e-05
0.999553859442409,0.10157556508487842,0.9360927,0.9294144329999999,0.92951295,0.920542,0.929417748941531,-0.10434204041606157,0.0024826958797184544,6.163778831170991e-06,1.0,1.3602244195465314,0.214379,0.19516084979999998,0.1942666,0.1839374,0.1952186858966545,0.9111531058149753,0.004751634303952689,2.2578028558499955e-05,1.0,0.362204259020265,0.3878232,0.3720533464,0.37183265,0.3595844,0.3720793560330538,0.2515837368409552,0.004399388427230201,1.9354618533647022e-05,1.0,0.8843646179583322,1.0623378058537,1.0403707345567315,1.04016947569906,1.02506287634753,1.0403828173458651,0.19201185693110842,0.005014110729411193,2.5141306406796452e-05
1.0,0.7018069278329735,1.870469,0.9741578247999999,0.8779212,0.4428091,1.015517071341491,1.212880809616512,0.2868648716154199,0.08229145456693135,1.0,1.4706674329465494,0.03303431,-0.32926322268,-0.28007885,-1.110296,0.38372791619670554,-1.231932874202401,0.19706050811628037,0.0388328438590466,1.0,2.454083884374028,0.5111744,-0.015372482270613998,0.006240283500000001,-0.7645023,0.16725527454323294,-0.9768431931872127,0.16654733156484938,0.02773801365137188,1.0,2.3341626852085424,4.472075612326639,1.206496362717197,0.8658321608516355,0.2968011376787025,1.4645423152919201,1.7258450427278595,0.83021125024345,0.6892507200307924
0.999553859442409,0.1858820948687998,0.9063252,0.8870965214000001,0.8878199,0.8534191,0.8871295873603171,-0.4337173426822656,0.00765940533630399,5.8666490105802036e-05,1.0,1.7966702487330242,0.3556885,0.335365069,0.3348599,0.3192026,0.3353966442010473,0.5368456598844717,0.004602112118271239,2.1179435949138993e-05,0.999553859442409,-0.7302818371100916,0.380225,0.34038089060000004,0.33960219999999997,0.3065712,0.3406991506241423,-0.017338027957720596,0.014722790169083155,0.0002167605503628516,1.0,4.21469768580771,1.04167342580817,1.0155657249474224,1.0156760672774001,0.9724777455849101,1.0155897630211423,-0.5360502289777209,0.006987493495977313,4.882506535632525e-05
1.0,-0.025818515747875637,1.553658,0.9637820911999999,0.95889515,0.5495051,0.9825961402006446,0.22428462114438624,0.19136158292447228,0.03661925541935968,1.0,0.11648899693373016,-0.08884924,-0.36151663542,-0.32215479999999996,-0.8472867,0.38907338780473866,-0.8522544722362241,0.14381871718402772,0.02068382341245935,1.0,-0.47853403331180644,0.1086266,-0.1467932962294,-0.17023915,-0.4147945,0.17837057503494255,0.4538238677638913,0.10133010520276632,0.01026779022040369,1.0,0.6005894488203136,2.76212696954594,1.1486893378733574,1.0476702904364248,0.39846080747845003,1.2408344974084886,0.8842932167220686,0.46923667270903313,0.22018305501504426
0.9880635595714997,0.2704595431160377,1.022646,1.01645569,1.0162545,1.008664,1.0164575932738473,0.08315150316695902,0.001967025847796616,3.869190685899997e-06,0.999553859442409,0.7921152760836012,0.0913365,0.08247630016,0.08223836500000001,0.07002496,0.08252198386414882,-0.2207737534967495,0.0027454931783597596,7.5377327924199735e-06,0.999553859442409,0.5196684041616719,-0.09116068,-0.10994612172,-0.11010605,-0.1298043,0.11007114555102324,-0.0921035531101234,0.005244749912578049,2.7507401645487447e-05,1.0,-0.029472391130623166,1.0647821921295526,1.0521115738278513,1.0515994660996295,1.0376876572901503,1.0521197012529593,0.2890974860418888,0.0041354542795062855,1.7101982097886848e-05
0.9991077188848181,5.553249530761281,1.10504,1.0069298016000001,1.011059,0.9141902,1.007157150004818,-1.1414116095847031,0.021398585364742165,0.00045789945561215754,1.0,2.2546682545412073,0.08568663,-0.010025799639240001,-0.010915765000000001,-0.08809319,0.02803673635414152,0.2858990384068815,0.026182855592647946,0.0006855419269854559,1.0,3.533029549238467,0.375672,0.18900584312000002,0.17758105000000002,0.02079272,0.1961016863504366,1.2480256163784098,0.052274875953778825,0.0027326626559829635,1.0,6.893680038460088,1.2223399594198847,1.0536074547807044,1.053678583649744,0.9188906340987981,1.0540227512371707,0.22650171025467405,0.0295853233225708,0.0008752913561010517
0.996877016096863,11.424540205394875,1.040964,1.0100421134000002,1.010394,0.9459974,1.0100732397249041,-1.697300722285625,0.007929613283468525,6.287876682536047e-05,1.0,0.5956937400890774,-0.1624659,-0.22267860560000002,-0.2204997,-0.2860849,0.22359789023132906,-0.18771025745070663,0.020254755588284164,0.0004102551239411286,1.0,0.6819249788768027,0.0611237,0.0150374037382,0.01854411,-0.05607437,0.025977500461006758,-0.8242832757812768,0.021182705658531326,0.000448707019015975,1.0,10.774139494033415,1.1475934231248501,1.0709187966544669,1.0707819722180876,0.9245761060742456,1.071082930354969,-1.3561763336115094,0.01875032452881474,0.00035157466993587176
0.999553859442409,13.00411072158272,1.011307,0.9722052153999999,0.97313605,0.922262,0.9722279949425511,-1.3126656548947944,0.006655321108158704,4.42932990527028e-05,1.0,2.2638077079196,-0.09214412,-0.14360588252,-0.14687719999999999,-0.1868768,0.14418773883939845,0.9795182054667001,0.012940422607879946,0.00016745453727053043,0.999553859442409,-0.7988167173085716,0.3382218,0.307910934,0.3073126,0.2857322,0.30808261156118677,0.1847141197992066,0.010283592252163831,0.00010575226960876397,1.0,12.279335937122486,1.1319676270958898,1.060932273727993,1.061210010964285,0.96533270968004,1.0610083652292446,-1.0294959011026805,0.012706756029191265,0.00016146164878538856
0.995816342016114,16.022742199788425,1.081978,1.0162019802,1.0161975,0.9786079,1.0162341233406522,1.418179537384062,0.008082628257112168,6.532887954266808e-05,1.0,2.0861405211020587,-0.1249475,-0.17999697620000002,-0.17909055000000002,-0.2335446,0.18061991034696595,0.06419482132210655,0.014988014298186853,0.00022464057260265354,1.0,1.140281796456427,0.1086702,0.06932332352000001,0.06910765499999999,0.04262542,0.06996375373073446,0.4431078319973847,0.009444768511524017,8.92036522362756e-05,1.0,14.200831893646985,1.1912999853233301,1.0702502722917848,1.0700367037223235,0.9933398057433762,1.0703608773046869,1.0355199083081725,0.015387083018550171,0.00023676232381975503
1.0,-0.2621554316215926,0.7927437,0.7844987228,0.7845864,0.7741365,0.7845053986157525,-0.06499923309828987,0.003236415058307596,1.0474382429640161e-05,0.999553859442409,1.9720186167731208,0.5280154,0.5075217662,0.5075620000000001,0.4937659,0.5075397273321287,0.22410841160110534,0.004269854049505387,1.8231653604077547e-05,1.0,-0.06913881493123641,0.388173,0.3737388856,0.37412979999999996,0.3572552,0.37377879293356947,-0.1462222250153655,0.005461816304702369,2.9831437346312637e-05,1.0,0.9569627420286149,1.0336859214173701,1.0127558813245086,1.01294411037331,0.9873928423907401,1.0127738149473438,-0.08637025138800825,0.006027029584654992,3.632508561430652e-05
0.999553859442409,3.0306298620216587,-0.1337134,-0.15854276319999996,-0.1583833,-0.1771979,0.15861947293613518,0.6533869551380117,0.004932487348797334,2.4329431446045757e-05,1.0,1.6536635152983044,0.8245602,0.8072906512,0.8071089499999999,0.7883419,0.8073028368802095,-0.08533285146868903,0.004435641995713647,1.967491991413854e-05,0.999553859442409,0.5717644814122065,0.6228825,0.6075398226,0.6079191,0.5888419,0.607560897259665,-0.40266327152696807,0.005060418374971503,2.560783412974923e-05,1.0,3.1364159860605145,1.0843408125584901,1.0460282515083406,1.0458372656831147,0.99588968964221,1.0460630570742386,-0.15726796519830413,0.008533253887292432,7.28164219049914e-05
0.999553859442409,5.089430326324505,0.1797552,0.146886144,0.1480988,0.1167328,0.14699022479842555,0.08410653767420666,0.0055305413028874486,3.0586887102943995e-05,0.999553859442409,1.542661550826467,0.9221253,0.9071454082,0.9069801,0.891948,0.9071541265699397,0.25931181556849,0.003977151559278672,1.5817734525472775e-05,0.999553859442409,3.3797984249369666,0.4172639,0.39457999540000005,0.39408965,0.3614466,0.39463524262682576,-0.2839542812838034,0.006603177513106765,4.360195326959885e-05,1.0,0.5628640014056545,1.01962978328291,1.0002717102622953,0.999844680623475,0.9741169451032899,1.0002943748590096,0.15611908734947263,0.006733648603774587,4.534202351911544e-05
1.0,1.3230251868474507,0.8278018,0.8129837033999999,0.81241975,0.7908867,0.8130028978625768,-0.22057613542287544,0.005586585627047027,3.120993896832842e-05,0.998661578327227,4.951539613043365,0.436718,0.4052773818,0.40492295,0.3896114,0.405313341355283,1.2997043893648244,0.005398933405883865,2.914848192116875e-05,1.0,0.22918153362907034,0.4594455,0.4420725428,0.44232525,0.4201048,0.4421190932825039,-0.300983378525406,0.0064155706905596604,4.115954728556816e-05,1.0,4.343328857736797,1.0561129290042401,1.0207219092584752,1.021123426007255,0.98357559278092,1.0207483376030504,-0.47525072212245667,0.0073452487448973265,5.395267912441575e-05
0.9991077188848179,0.37154912873243084,1.001861,0.9905336658,0.99008505,0.983124,0.9905383423165077,0.5694497896875745,0.0030437667369314545,9.264515948850355e-06,1.0,0.16582039948815197,-0.2569415,-0.29050979599999993,-0.29181714999999997,-0.3086877,0.2906648476412792,0.7559586388555256,0.00949273840187456,9.011208236642396e-05,0.999553859442409,0.7785560888366172,0.1614446,0.12345515480000001,0.1214071,0.1038633,0.12380237045022618,0.8732771293963961,0.00926561829577913,8.585168240307696e-05,1.0,0.06026398471726724,1.1011251372078599,1.080979288182558,1.080820800219185,1.0635446440985903,1.0809974458084148,0.25124592825984976,0.006265489976589667,3.9256364646745584e-05
1.0,1.3828760426546989,2.009004,0.988305247,0.8904582,0.5673965,1.0284634281182914,1.5157840979833845,0.2845870020382119,0.08098976172909723,1.0,2.7531144209537297,0.2417259,-0.09200228631759999,-0.085716985,-0.5906646,0.14296140839763413,-1.04499156790996,0.10942368849280071,0.011973543603369486,1.0,2.6894235884610174,0.04830177,-0.27194147462,-0.20617385,-1.015399,0.3312620160798847,-1.7748626440610167,0.18916225225665315,0.03578235767880968,1.0,3.4563010970942063,5.147906924851361,1.1879095105651731,0.8398469790389055,0.36123481707953,1.4691245257563643,2.037878219953801,0.8644060775397602,0.7471978668876739
0.9991077188848179,5.236634609512944,0.9330311,0.9148892794000001,0.91484855,0.9026107,0.9148947804176896,0.7451610904693271,0.0031726447139942475,1.0065674481235641e-05,0.999553859442409,2.242041064349868,0.3699057,0.35241285660000005,0.3522435,0.3361192,0.352435207977624,0.11612768587343222,0.003969171860594655,1.5754325258936438e-05,0.998661578327227,4.427440414942182,0.2555545,0.2361461362,0.23641255,0.2023568,0.236213544247339,-1.0279150218195137,0.005642769151810976,3.184084370062956e-05,1.0,4.372422444501951,1.05301810379658,1.0170398735436532,1.017241257755075,0.99365184288737,1.0170583434089564,0.5135200549142513,0.006129398019428011,3.756952008056802e-05
1.0,-0.3749745084537319,2.049578,0.9828392278,0.81191345,0.1815238,1.0777629765486065,0.8307047564956372,0.44226698488177013,0.1956000859164119,1.0,2.1491111981382947,0.1979488,-0.15329318027,-0.1037771,-0.9681517,0.24549212550709815,-1.4041416327858958,0.19174875376049283,0.03676758456870211,1.0,0.6820729569350266,0.5822603,0.12455629624600001,0.10710120000000001,-0.2598103,0.1794860354535529,0.7053888519357374,0.12923221730014822,0.016700965988312732,1.0,0.6462890402132246,4.613043642741809,1.254054654227739,0.708152316425864,0.06398925885469,1.6974258571253549,1.3343198064742703,1.1439411980724759,1.3086014646474915
1.0,-0.6467827391523016,1.615983,1.0057354338,0.9844347499999999,0.5201413,1.0347084880400101,0.17370207062139004,0.24314171263106946,0.059117892421169556,1.0,1.4399270205509005,0.1996385,-0.253046550778,-0.22491285,-1.009624,0.3343540360601013,-0.9384983413805338,0.2185407618020871,0.04776006456903657,1.0,-0.42738796789573774,0.2656206,-0.0247835906818,-0.03922753,-0.3097016,0.10882845759652801,0.2824955602784923,0.10596889551069356,0.011229406815756291,1.0,-0.3239909694951906,3.03187106596941,1.1942579098345625,1.0512938160488543,0.3715258280858349,1.318991050871172,0.698892278778198,0.5598977023312567,0.3134854370758205
0.999553859442409,1.1085417193812175,0.9965214,0.9709121184,0.9691552,0.9518035,0.9709410099797595,1.0088600541436883,0.007490207242776494,5.610320453974144e-05,1.0,1.2395999170113754,0.2919871,0.26827139680000006,0.27252889999999996,0.2038643,0.2686101155400584,-1.0860765936756451,0.013485244878031313,0.00018185182942046977,1.0,2.3937434901812855,0.1990255,0.15868401912000002,0.16462395000000002,0.08756023,0.15948176211093334,-1.3715848596853388,0.015931557423296796,0.0002538145219318032,1.0,8.188310940939965,1.09567535174234,1.0403122714769673,1.040112758052015,0.97860306138146,1.040366578664363,-0.4738141494836926,0.010629949022694485,0.00011299581622508345
0.998215437769636,1.8101500563934394,1.002123,0.9934180615999999,0.99354045,0.9791173,0.9934215970498158,-0.6819633790420446,0.002650353166150779,7.02437190532546e-06,1.0,-0.02964220063323575,-0.02070823,-0.029497117580000003,-0.02965731,-0.04024707,0.02971651855502483,-0.06118630986850316,0.003604376437442397,1.2991529502789943e-05,1.0,0.704242304082396,-0.2465859,-0.264579496,-0.26450935,-0.2838324,0.2646377808917257,-0.11769747512619869,0.005553860970800763,3.084537168298399e-05,1.0,0.690628534724866,1.076950182561494,1.057802696035335,1.0576821002077845,1.0368217738004009,1.0578158929599621,0.12646104665639782,0.005283905663347744,2.7919659059158364e-05
1.0,-0.4229630320220221,2.000362,0.978382615,0.87142995,0.3409115,1.044992176762089,0.6747392878977542,0.3671186567851473,0.1347761081597308,1.0,1.7224025272765138,0.257258,-0.24078292428519998,-0.1704046,-1.330464,0.3707350610206592,-1.3030651860148363,0.2819008138382355,0.0794680688426595,1.0,1.5850766882272076,0.2911159,-0.10598867336859999,-0.068978465,-0.7942869,0.21345749862399455,-1.1441404839776865,0.1852849287890865,0.034330504836376854,1.0,1.51967160257185,4.717334724819394,1.2750172386827734,0.8510915823728212,0.11965054550533495,1.6379021444160062,1.4437403458931397,1.02813154593384,1.0570544757443077
1.0,-1.1705854279278292,1.368604,0.9777638174000001,0.95423445,0.5125631,0.997736552308168,0.04076093012268522,0.19863570976833253,0.03945614519516923,1.0,0.29625255733956424,0.141657,-0.19917735068974002,-0.1825371,-0.5825017,0.23872689103940722,-0.4510544749598239,0.13160133539427835,0.017318911477557337,1.0,-0.17580498342710982,0.07625352,-0.26767907271600005,-0.22912495,-0.7169748,0.30781622986121315,-0.666455066378398,0.15198271413510678,0.023098745395873584,1.0,-1.0356960595006397,2.3341225377948502,1.147219587683102,1.10828309337965,0.285323375218588,1.2328514805836486,0.2480803585712034,0.4514531989182355,0.2038099908135079
0.9933078916361345,0.7527689611259016,1.0127,1.0043513362,1.004121,0.9975488,1.0043540610620305,0.5189600533597797,0.002339539499027438,5.473445067509556e-06,0.999553859442409,0.31402070700191587,-0.1560641,-0.169663492,-0.1699538,-0.1810757,0.1697009041377178,0.2304807409991851,0.0035631934447649624,1.2696347524816e-05,1.0,1.4755963158227896,-0.1433923,-0.16944051440000002,-0.17003025,-0.1861824,0.16957985586587554,0.8948182239704839,0.00687310667416945,4.723959535451264e-05,1.0,0.2238683730650135,1.0809629558784402,1.0662828043524428,1.06633998237916,1.05240501813968,1.0662930697192774,0.09671434215915156,0.004678853882084687,2.189167364989894e-05
1.0,-0.20909488567374135,1.797897,0.8750824913999999,0.81197005,0.2469932,0.9195148035000912,0.698393537775548,0.28237936734290664,0.07973810710098021,1.0,-0.3754395938413455,-0.007445454,-0.430190195318,-0.3957973,-1.012427,0.47388002725426603,-0.4399495883298485,0.19874273844033874,0.039498676082764896,1.0,0.06095377159227633,0.1346517,-0.293156443826,-0.29472575,-0.6982619,0.32791342475394464,0.05692736657072374,0.14692349566068122,0.021586513577154215,1.0,0.44364137957129346,3.4181785172468504,1.1775969682201761,0.969147010768935,0.2243581442461716,1.3425966960028886,1.0341994131024128,0.6448498030987698,0.4158312685565222
1.0,-0.644281414479186,2.083785,1.005919585,0.8915315500000001,0.3030238,1.103874796431572,0.6561058116120098,0.4546046136042532,0.20666535471027234,1.0,1.474456698202478,0.429943,-0.15425361197400003,-0.12207280000000001,-1.303383,0.2865256061002308,-0.909828946375467,0.2414596159693775,0.058302746144079265,1.0,0.2900068059874754,0.2312809,-0.0056010183588,-0.0033040955,-0.3472419,0.08675106251679009,-0.2319236627915286,0.08657006088213412,0.007494375441136409,1.0,0.38811698510683534,5.302377609212512,1.308162235995741,0.8507479597716623,0.10042434734152521,1.7449895263764443,1.211547406102362,1.1548593037587351,1.3337000114781103
1.0,1.3594397750879086,0.01005467,-0.00013608771193199997,-5.189369e-05,-0.01941008,0.0039596308312432596,-0.5062268561635797,0.0039572915553940805,1.5660156454393304e-05,0.998215437769636,4.109474038521431,0.8608868,0.8331877094,0.8333254999999999,0.8103701,0.8332074519139043,-0.0012301047560724543,0.005735750137721448,3.289882964237162e-05,0.998661578327227,1.691877452756203,0.6083345,0.583803615,0.5840257,0.5653386,0.5838282589735052,0.36323449804257446,0.005364241695337282,2.8775088965995e-05,1.0,3.963170514777124,1.084940738373256,1.0351057725772153,1.0352607750589957,0.9949077828223143,1.035148574845375,0.2522065837449009,0.009413372495426234,8.861158173764713e-05
1.0,-0.7578239078655495,1.471956,0.9965434780000001,0.9870460999999999,0.6481608,1.013375191399919,0.29046311033198385,0.183930353668137,0.03383037500048596,1.0,-0.249354498982731,0.1045683,-0.192217373554,-0.15744685,-0.6597905,0.24597934569342217,-0.6866357866850558,0.15348719755004364,0.023558319811766124,1.0,0.19322891621073124,0.5300475,0.17272673842,0.15782465,0.02572815,0.19522733026108835,0.7797826553863687,0.090990023165515,0.008279184315660956,1.0,-0.4347738528618845,2.3306119102318164,1.1255488275334586,1.0485356971141009,0.46682297766585,1.1943629249119787,0.6434802460486693,0.3995530418384442,0.15964263324235353
1.0,-1.1225895208198882,0.9942873,0.8670745613999999,0.8230834499999999,0.7552592,0.8703395741176165,0.7950236130298433,0.07531719092100907,0.005672679248231731,1.0,-1.0587149104310938,0.4251733,0.25279861349800004,0.3571489,-0.02139878,0.2992988053961007,-0.8844725890305399,0.16022682648365022,0.025672635925021756,0.999553859442409,-0.8123961301309772,0.5354753,0.4208713826,0.46190105,0.2680801,0.4288943174334161,-0.9155597360692247,0.0825688490596806,0.006817614835040318,1.0,2.1032224883932438,1.12718222028152,1.0310210847134431,1.024854509093085,0.92890557929309,1.0312236545087192,0.10283009184995573,0.020438896609986327,0.0004177484946337106
1.0,0.639095636384245,1.494512,0.9853530976000001,0.9602951500000001,0.6472343,0.9992152896620125,0.8839238533651216,0.16586279915768995,0.027510468144424195,1.0,-0.03220353994173575,0.1338082,-0.1910617592728,-0.18562405,-0.5686332,0.23063842531736214,-0.203342786352112,0.12918779886837245,0.016689487376455054,1.0,-0.937202878889428,0.4479402,0.20188081146000003,0.17504405,-0.00366643,0.22757614505572582,0.4878999192333886,0.10504779751463943,0.011035039762676686,1.0,0.8475914463015415,2.2860384755162904,1.1034161801256364,0.9956165909493402,0.5205034071918901,1.1626178130530078,1.1615054722598148,0.3662689075871821,0.13415291266510776
0.999553859442409,0.23231779622906235,1.833546,0.9994339052,1.0048115000000002,0.4916758,1.030321300280732,0.47214923192337666,0.2503874017374991,0.06269385094885578,1.0,-0.04329129302419865,0.1021037,-0.208795124222,-0.18913795,-0.695085,0.25644246410252997,-0.4983157673089918,0.14888698229226408,0.022167333496096953,1.0,0.11408767771934958,0.2699257,-0.0011461715481999996,-0.006753547,-0.2733172,0.09913834837119972,-0.04632280045368127,0.09913172251379201,0.009827098408551458,1.0,1.7941367539989788,3.892005290707559,1.1371531313249252,1.0631038782554496,0.25584130277086764,1.2820254573949406,1.2419688785343193,0.5920067814870235,0.35047202932662436
0.998661578327227,1.184160350907045,1.040925,1.0150475516,1.015102,0.9923542,1.0150669277875977,0.027791529841985952,0.006271832188250692,3.933587899757746e-05,1.0,1.4073314844488083,-0.02155726,-0.03640831652,-0.03623064,-0.05949192,0.03671614093240816,-0.2511548532581463,0.0047444170503817525,2.250949314795309e-05,0.999553859442409,1.308259719851077,0.1913957,0.1529513136,0.15176610000000001,0.1143203,0.15329403239321876,0.6263920445750037,0.010244805288908863,0.00010495603540765503,1.0,1.5707178513236943,1.1042415829165522,1.055208003260494,1.0550505727736645,1.006325699156432,1.0552805495780075,0.03119066185848161,0.012373688724999252,0.0001531081726631736
1.0,-0.29922471313541754,1.767065,1.0094088818,0.98721115,0.5269635,1.046010030557566,0.5643163078253871,0.2742821419092282,0.07523069337031402,1.0,-0.12158036106330883,0.1511724,-0.2141421192196,-0.19467610000000002,-0.8042361,0.278154737780632,-0.5732872986374616,0.17751960715918327,0.03151321092595075,1.0,-0.6746865884664222,0.2789366,-0.01051708755848,-0.034044124999999995,-0.3391876,0.12326293132648032,0.2288579330239113,0.12281344025994821,0.015083141108483869,1.0,0.5675032321638294,3.2114655872353706,1.1867007924160489,1.042785575293777,0.33229183266664963,1.3497755730259569,1.0840827170181926,0.6431448723395617,0.4136353268166712
1.0,-0.8002832326888352,1.489261,0.9727675214000001,0.9437373499999999,0.4887624,0.9965727739619653,0.23373315247529136,0.216519382761791,0.04688064311154696,1.0,-0.49668805447845576,0.1663929,-0.23392904456080002,-0.22458975,-0.6979183,0.2918136371954565,-0.4029938726467336,0.17444884913381556,0.030432400964112746,1.0,1.1825388159933112,-0.01688484,-0.27280950066000004,-0.2230603,-0.9800054,0.3248419995418702,-1.2662298491654382,0.17634426845237092,0.031097301016001864,1.0,-0.8939618769618924,2.4189620321142997,1.1838348173218483,1.13157030437937,0.30343180522612995,1.271579536382372,0.2485974524361124,0.46416553366547414,0.2154496426429544
1.0,-0.520004957017473,1.73517,1.0045616836,0.9346720500000001,0.5670176,1.0362280957699463,0.6837825894710577,0.25421347388709076,0.06462449030574256,1.0,1.5299079459459533,0.1813546,-0.182892465496,-0.16977405,-0.8648424,0.2356459109514678,-0.8863292212383711,0.14859118888057105,0.022079341412941537,1.0,1.3969877233631092,0.3521089,-0.1902496968686,-0.15687285,-0.8401327,0.25266807199422403,-0.979074732183107,0.16627148717288892,0.027646207446684164,1.0,0.1695299208541412,3.23904807419065,1.1931388164164345,0.9514570749378858,0.3853119245127048,1.3661736319445683,1.0915077792554695,0.665469877140207,0.44285015738100225
1.0,2.2798669708241563,-0.1145001,-0.12964676320000001,-0.12820535,-0.1505693,0.12980907325754715,-1.4578239920999412,0.006489398411745557,4.211229174636576e-05,1.0,0.9646195367644643,-0.3854524,-0.4074428564,-0.407011,-0.4243333,0.4074926629546291,0.2946213726617213,0.0063709599326898176,4.0589130463939044e-05,0.998661578327227,2.097416571287938,-0.8923082,-0.9154695965999999,-0.9155585500000001,-0.9378432,0.9154853364902648,0.17200129279534027,0.005368335843306421,2.8819029726528466e-05,1.0,1.5348343315010569,1.04643917727665,1.0210140671905314,1.021125979927,0.98212229360062,1.0210524734034567,-0.3490355467679998,0.008855960838071174,7.842804236545029e-05
1.0,-0.43195802396760064,0.04321461,0.02800960802,0.02762449,0.01859538,0.02838397041014102,0.40156499365379383,0.004594739906644628,2.111163480971268e-05,1.0,0.9145112631458723,0.9063228,0.8914652386,0.8913993,0.8763918,0.8914739489293376,0.02852192892447344,0.003940810514639094,1.552998751229004e-05,1.0,0.33843521678821986,0.46873,0.45146424339999996,0.45174305000000003,0.4314531,0.45149563561820133,-0.2055436994288097,0.005324088048597284,2.8345913549216435e-05,1.0,2.0214736874029464,1.0214079605745021,0.9993797603781948,0.9995073496331524,0.9556886274058269,0.9994122291355911,-0.5337300685843943,0.008055947628523775,6.489829219351785e-05
1.0,-0.32584711247025,1.510961,0.852778396,0.8196557,0.4080946,0.8817213625366802,0.5781610856724978,0.22405706520707383,0.05020156846920694,1.0,0.1035696037180891,0.1559862,-0.30882994678599995,-0.31453895,-1.061402,0.37334320216400496,-0.21922712685804216,0.20978372332054143,0.044009210570229475,1.0,0.2745740770346399,0.2232783,-0.4521872198266,-0.46706214999999995,-1.230988,0.5249739728234418,-0.08176738066954824,0.2666915641101493,0.07112439036751789,1.0,1.1518992120074536,3.70664839041764,1.1924153798976407,1.0549224606396899,0.2809426337357961,1.3613607526968365,1.2306766443861605,0.6568475171353416,0.4314486607668629
0.996877016096863,0.4151360926576415,1.023506,1.0152649980000001,1.0152480000000002,1.005344,1.0152688145332358,-0.0425961455497474,0.002783810299211496,7.749599781996e-06,0.999553859442409,0.7746769048695161,-0.1259201,-0.17222424339999998,-0.1736391,-0.2023424,0.1726036214056533,0.43970760011784576,0.011437661808414185,0.00013082010764365644,1.0,0.2019908482554853,0.1030458,0.07255499173999999,0.072105845,0.04746373,0.07300141969095203,0.37479903169945783,0.00806104524879063,6.498045050304998e-05,1.0,0.5638821695655727,1.08374000845665,1.0658919831629627,1.065605311176703,1.0465404935843468,1.0659084376701928,0.17010110485198943,0.005922645138624956,3.5077725438077823e-05
0.999553859442409,0.284532168762591,-0.1553703,-0.17104239240000002,-0.17191315000000001,-0.1828435,0.17109672520018915,0.647212415113761,0.0043115399004836135,1.8589376313462245e-05,0.9977692972120449,0.4954886911828833,0.7369953,0.7262490776,0.726043,0.7188063,0.7262556343711003,0.531741275648702,0.0030860558838974794,9.523740918538252e-06,0.9991077188848181,0.04102109324195524,0.6906994,0.6741772688,0.67433875,0.6613949,0.6741932291586323,0.021962700710018084,0.004639016783395653,2.1520476716626553e-05,1.0,0.3566235836826648,1.0346011860788398,1.0112578460733426,1.011157420461675,0.98850634196048,1.0112793576091765,-0.16701791158737955,0.006596050449536054,4.350788153282478e-05
1.0,-0.6525625632635155,1.571907,0.946614448,0.9252133,0.5378694,0.9699171152973377,0.3648268132779877,0.21132983079623277,0.044660297384364375,1.0,-0.575316065143074,-0.01952485,-0.35737625124000005,-0.32785805,-0.843292,0.3957018979475121,-0.5006995010424067,0.16988880801544184,0.02886220708890766,1.0,-0.24223250585177825,0.06295064,-0.2318900198268,-0.20725515,-0.6710928,0.27125690497088134,-0.5239562922642261,0.1407385064547299,0.01980732719910805,1.0,0.4083342342219596,2.9741405581120497,1.170899511080354,1.065275248444246,0.37608134244221003,1.2787734986229977,0.9380526848652704,0.5140583582943573,0.26425599573228986
1.0,0.2041338834934816,1.941714,1.022183077,0.9220762499999999,0.5998229,1.056442938380216,1.1080655959918682,0.26685846276301045,0.07121343914823704,1.0,0.9191007053438769,0.1750116,-0.1363527373266,-0.1045782,-0.6560133,0.20909187817207275,-0.9122454349894324,0.1585160702927881,0.02512734454106814,1.0,0.12445850490926391,0.3280421,-0.0011889546370000002,0.0055084995,-0.3966453,0.12645502405195003,-0.47455782090045295,0.1264494345374878,0.015989459494850415,1.0,1.704267413058858,4.3161093221924505,1.175781968678929,0.8746104811213098,0.41285648366035893,1.3607185647200102,1.5643210501647968,0.6849027482082298,0.4690917745031859
0.9959847349816808,17.01098873935254,1.064353,1.0182854626,1.0187905000000002,0.9736691,1.0183084607014035,0.21747682787519756,0.00684381425564584,4.6837793565781215e-05,0.999553859442409,9.952002550853088,-0.113435,-0.1426739038,-0.1416345,-0.2263401,0.14333081744899184,-2.176234474713435,0.013706947328437706,0.00018788040506456557,1.0,5.492272564480668,0.1483804,0.08306548338,0.079705465,0.0599108,0.08419077325088463,2.233470258407717,0.013719029536698782,0.00018821177142881357,1.0,21.001022030922467,1.1653804608258502,1.0645839306672398,1.0643791972628727,0.9937284422556598,1.064666092914836,2.52781134561171,0.013226638561318687,0.00017494396763176244
1.0,0.8372527409781503,1.792962,0.9511632144000001,0.9035673,0.6048874,0.9767318680668368,1.0929867456117408,0.22202180449134312,0.049293681669592186,1.0,2.2224598492734655,0.02385779,-0.31136524441999996,-0.30253605,-0.859932,0.3352243667400571,-0.9268944253750095,0.12420571896473184,0.015427060623545949,1.0,1.3298672022662066,0.02332324,-0.24548243698000002,-0.2285877,-0.6771865,0.2767551723293519,-1.0902245657849141,0.12779592538656928,0.01633179854540958,1.0,2.5754304580992438,3.6426520604343695,1.1429739435646542,0.9807255723878328,0.49717117851868997,1.2757868258900695,1.6436988249276274,0.5667826650903514,0.32124258944692136
1.0,-0.7970285573549583,2.106871,0.9952154092,0.83616195,0.1633774,1.0993779784246547,0.6300002981518895,0.4670955242088678,0.218178228735957,1.0,0.6220931758732946,0.2959035,-0.20816784317560003,-0.17500359999999998,-1.098681,0.31737995080142634,-0.7444245355228826,0.2395750033670763,0.05739618223833461,1.0,1.534190496046941,0.3089361,-0.047923672597000005,-0.03775827,-0.7369898,0.1394467058212034,-0.5289048811650418,0.13095306552044053,0.01714870536920079,1.0,-0.2793410988506966,4.6899134417743396,1.3288073563801814,0.7480358833371927,0.034299125761744,1.7710348495141046,1.0150935166062665,1.1708268223026668,1.3708354478233606
1.0,1.9241303779036905,0.9117,0.9028557768,0.9030134999999999,0.8891683,0.9028597115979957,-0.38668795466138894,0.0026655441629621812,7.105125684701755e-06,0.9991077188848179,0.5954970529212242,0.4054684,0.3900333452,0.3900069,0.3774051,0.3900545474567056,0.1442523051140985,0.004066893624504698,1.653962375303696e-05,0.9991077188848181,0.1410547094081842,0.2656009,0.24957897279999997,0.24977135,0.2333502,0.2496274588515676,-0.08773198545568887,0.004919811865096078,2.4204548787940147e-05,1.0,2.385833157075039,1.0547066083638799,1.0296120770311628,1.0296672601976051,0.99941737323819,1.0296290557007473,-0.2424814827862968,0.005912966665514969,3.496317478749121e-05
0.9940317797857497,1.2921158812014806,1.021467,1.013294966,1.0132035,1.001318,1.0132983805983102,-0.29658477369852093,0.0026305897089519653,6.9200022168439856e-06,1.0,3.311524163528653,0.05369669,0.035137836500000005,0.034933165,0.02263961,0.0353734667959954,1.0503170088218574,0.004076100988279946,1.661459926665675e-05,1.0,0.9015371741374505,0.1746287,0.1476769898,0.14794705000000002,0.1273804,0.14783779936992103,0.0548627946166743,0.0068935916728303515,4.7521606151715966e-05,1.0,0.5541556207721716,1.0651741093760163,1.0498809051988665,1.0496409655392696,1.0344269739288798,1.049892095665767,-0.0882469792215274,0.004847415833703374,2.349744026483817e-05
1.0,-0.2513484727721318,1.901743,0.984091476,0.94457945,0.4793624,1.034604394128094,0.6504155262143849,0.3193277614196766,0.1019702192133019,1.0,-0.5600189841644005,0.1374894,-0.31151801384600003,-0.28309870000000004,-0.7788894,0.3580707766468029,-0.3958307697716791,0.17655369760468903,0.031171208137887974,1.0,-0.5902424903242105,0.2855227,0.0526146356712,0.050975284999999995,-0.1174724,0.09716911768334725,0.38946552129303774,0.08169172261953518,0.006673537544547077,1.0,0.869749258535562,4.18209797386809,1.2080627708689653,1.039435177636691,0.23875753546532333,1.4325826204661882,1.1726382216502091,0.7699852635616922,0.5928773061021686
0.9955385944240899,0.9491473085724724,1.023745,1.011975324,1.0121259999999999,1.00159,1.0119796938820265,-0.015408754839426768,0.00297396110516328,8.844444655023997e-06,1.0,-0.059430577682851204,-0.1463223,-0.1683598094,-0.1675158,-0.1881202,0.16850891199648277,-0.08566665208834622,0.007087171582094766,5.0228001034051636e-05,1.0,0.203546528904472,0.1440051,0.12220787239999999,0.12270980000000001,0.09031724,0.12257621710953581,-0.4720486703776466,0.009495521278443888,9.016492434938065e-05,1.0,0.8198581351939942,1.0912181956483997,1.0675230832526825,1.0676092611399701,1.04810903253037,1.0675397198361072,-0.049377757202302384,0.005959878391414248,3.552015044044648e-05
0.999553859442409,-0.918687555941442,1.553934,1.0008533052,0.97622485,0.6400976,1.0217831148058507,0.30503595398869715,0.20575080843725008,0.04233339517258197,1.0,-0.029013082245382904,0.3103985,-0.0563797160182,-0.02910289,-0.6548337,0.18239806358574118,-0.6807598568816926,0.1734657926553106,0.030090381221535203,1.0,-0.7817006243675229,0.1192091,-0.25086632005,-0.24189775000000002,-0.6016457,0.2892601472936265,-0.12101884427187451,0.14400528558668055,0.020737522276901427,1.0,-0.6294560829910485,2.65325070019364,1.1609812201145049,1.1320061505008772,0.42903036932152644,1.2473065079339434,0.39907902526938227,0.45595628219798007,0.20789613127580406
1.0,-0.3914853638088083,1.41373,0.9234301486,0.8647955,0.5945823,0.9408009057857695,0.756795163973095,0.17995306328014044,0.03238310498390622,1.0,-0.0740183421346452,0.1063181,-0.23640681997920002,-0.2528837,-0.7712419,0.2840014089957291,-0.0525987040213726,0.15738048093356924,0.024768615778881547,1.0,-0.26357362482768076,-0.0002183366,-0.38800284499320004,-0.40002355,-0.864439,0.4256451317910149,-0.10997147277855658,0.1750073441161063,0.030627570494573243,1.0,-0.4941739208906064,2.3386942270393303,1.146936922856274,1.044335158882697,0.50078965035254,1.2233202237102836,0.7443507859865963,0.42549743210454155,0.18104806472755894
1.0,-0.7667969756228197,1.590203,1.006642072,0.976427,0.4938898,1.035653160066442,0.29821898573440264,0.2434115996314766,0.05924920683515426,1.0,0.09099318466897754,0.08217535,-0.23088137108,-0.18698385,-0.8087442,0.29558918287074654,-0.9135126873426365,0.1845718221138183,0.03406675751841499,1.0,-0.07172640411813314,0.4211553,-0.029125140724600002,-0.05488276,-0.3885285,0.14906850315176193,0.29610555781129777,0.1461955704174347,0.021373144809679105,1.0,-0.23296368463009154,2.8509463610622,1.18217185161771,1.027881777738509,0.3388684505671949,1.3123663533729277,0.7968825572062966,0.5698904795731468,0.3247751587081112
1.0,0.9136128550922784,2.037538,1.0021362414000001,0.97599685,0.3074392,1.0486243441655052,0.7592782664589839,0.3087652325784381,0.09533596884921695,1.0,3.314730957685419,0.3041922,-0.10074660379160001,-0.07166731,-0.9309714,0.1900304175790062,-1.321197346249524,0.16112629031200912,0.02596168142970984,1.0,2.56153984018194,0.5671415,-0.08907425655856,-0.062843745,-0.8849293,0.22447204146500863,-0.8341269128541585,0.20604240878520225,0.04245347421800839,1.0,3.8695713691015383,4.640089506565999,1.1861122721812563,0.9791492827291381,0.11767984677502479,1.4380360830226888,1.8924003629556534,0.81307161668346,0.6610854538562552
0.995816342016114,3.0224322332026334,1.045405,1.024889924,1.0250985,1.001687,1.024904994614014,-0.6056577511987923,0.005558027350258721,3.089166802622397e-05,1.0,5.515466574648293,0.09413066,0.0193869552522,0.018189755000000002,-0.01255296,0.02369899964073079,1.583078127073068,0.013630427360158336,0.00018578855002055294,1.0,2.4577692376633804,0.1503054,0.008604383106160001,-0.0014203129999999999,-0.03971206,0.03228684359052073,1.4953315495171118,0.031119204045109795,0.0009684048604011779,1.0,2.38367598418737,1.0943015497075923,1.052034330837762,1.051628308314134,1.010851975108685,1.052082274013414,0.0965792389375016,0.01004380565215853,0.00010087803197833162
0.9977692972120449,5.941109571916471,1.022775,0.9994028187999999,0.9995131500000001,0.9838907,0.9994098574076941,0.40444598766105644,0.0037508476750951324,1.406885828176656e-05,1.0,0.9260431351272462,-0.2235708,-0.2497959294,-0.2500738,-0.283451,0.249947050495518,-0.17298899323047742,0.008690322583151654,7.552170659923564e-05,1.0,-0.23187752609582013,0.1266599,0.09830351142,0.09933963,0.05394684,0.09904022747484471,-0.3935000566180922,0.012057624175886232,0.00014538630076691615,1.0,3.475150164429558,1.1125361957223454,1.0711025577933453,1.0710250399855652,1.0378945417865102,1.0711300740735623,0.09486329049817416,0.007677647646771902,5.894627338798212e-05
1.0,0.5267581569509581,0.1977101,0.1885832288,0.18869625,0.1795794,0.18860380517062977,-0.14795515833445066,0.0027858823032803383,7.761140207730563e-06,1.0,0.7127454693657773,0.7934405,0.787528733,0.78778775,0.7771979,0.7875333173656053,-0.546612782611841,0.002687128632933488,7.220660289930996e-06,0.9986615783272269,1.1949462053904485,0.593163,0.5746003618,0.5743671,0.5624127,0.5746159582903565,0.3560103978285601,0.004233643968710729,1.7923741253800732e-05,1.0,0.879299632475766,1.00472940048841,0.9859636208076609,0.986024091058495,0.96573557962278,0.9859785381817797,-0.1426031783388851,0.0054236702449990196,2.9416198926487723e-05
1.0,-0.49205587745533386,1.721,1.0181894184,0.9437686999999999,0.5283968,1.051347815760998,0.7141532056707647,0.26195903871348053,0.06862253796369078,1.0,0.5913584404166601,0.09687937,-0.13268812865388,-0.1231763,-0.5717789,0.18438586570281904,-0.7817937218998404,0.12803127737123224,0.016392007985309404,1.0,1.326211412786364,0.2707527,-0.049765533168,-0.01910889,-0.5434045,0.13856043076140567,-1.0961238498263042,0.12931505976215987,0.016722384681290982,1.0,0.08634694042835767,3.2342555801604997,1.1585293701491852,0.9390911779399718,0.28817956226882646,1.307222225732566,1.0109578722152417,0.6055077587867359,0.366639645950936
1.0,-0.6873949380227757,1.981203,1.0176764645999998,0.90508465,0.3896015,1.0795766226078363,0.6385884276731231,0.3603058388100135,0.1298202974805874,1.0,0.37471700733782454,0.2758442,-0.0268461508588,-0.01740717,-0.4802039,0.13100318072342157,-0.4716069649177518,0.12822292128835625,0.016441117543720005,1.0,0.9603515018277822,0.06069962,-0.220173108708,-0.1752459,-0.9287932,0.27448948339780166,-1.0358052358891612,0.1639154620462855,0.026868278697847258,1.0,-0.10005106631835803,4.194967688905249,1.257991993936988,0.8580525032014139,0.15508507099949334,1.5514786088567794,1.0346984700274686,0.9080429598486013,0.8245420169306085
1.0,3.8186056634144796,0.09667115,0.017447791349800002,0.011798195000000001,-0.01289117,0.02621745716004298,2.0146075539310457,0.019568588016321803,0.00038292963695253326,0.999553859442409,7.482792728054761,1.038185,0.9901829694,0.99147985,0.9193844,0.9902546291648295,-1.261347555863945,0.011912921244299553,0.00014191769257288362,1.0,3.092615246648454,0.2122576,0.1595195152,0.1589202,0.1074513,0.16011161503810709,0.3092560453875756,0.013756945172092859,0.000189253540467969,1.0,6.393411649476651,1.1114525024016082,1.006927314912424,1.0077949528457746,0.8885245125992225,1.0071673009648745,-0.4085392277814321,0.021985327291772896,0.0004833546161263742
0.999553859442409,9.626901767545288,1.01059,0.9729731702000001,0.9740129,0.9046066,0.9730251097892827,-1.6829057912801346,0.010053574061375982,0.00010107435140757196,1.0,8.853079041319663,-0.2000921,-0.29962201619999995,-0.29728645,-0.4237632,0.3003202822848106,-0.18678038646153997,0.0204675196317306,0.0004189193598752775,1.0,2.9204845331859213,-0.1165921,-0.1883262024,-0.18746235,-0.2299256,0.1889697360769469,0.3939140042429803,0.015582125740257463,0.00024280264258519423,1.0,18.87425689615704,1.2352271326572497,1.0726796973850652,1.07296967561633,0.9325748567028601,1.072884369088065,0.12544509775636417,0.020955578049301662,0.0004391362513803736
1.0,14.02399571443722,0.7689419,0.6224361268,0.6186486,0.5200093,0.6230145006594153,3.1720172289433415,0.026839077594337735,0.0007203360861148817,1.0,12.20698273841405,0.6408358,0.5554875064,0.56040165,0.4363168,0.5560032493398775,-3.0918747490466987,0.023942504255234434,0.000573243510011919,1.0,10.047484391009633,0.6244034,0.5571166430000001,0.5565146,0.4749045,0.5572916736839469,-1.1292890334216443,0.013966232486444258,0.000195055649865411,1.0,29.88836591946705,1.1082962810919001,1.0078606908658574,1.006651421260965,0.97742083584953,1.007918297988711,3.7302846175503412,0.010776048805407829,0.00011612322785653151
1.0,-0.39835483255296067,1.547179,0.9793239836000001,0.9704366,0.4668526,1.001231476539187,0.19483682018002552,0.2083002754646943,0.043389004758667526,1.0,-0.30339081735321116,0.03189801,-0.30997684776,-0.26846225,-0.7869455,0.35071166141534527,-0.6548167214104007,0.16405189211187277,0.026913023305485544,1.0,-0.6603582063949647,0.3989624,-0.050332320836600004,-0.1082941,-0.3949404,0.1822183804833728,0.5976423681451372,0.17512908286513917,0.030670195665184787,1.0,-0.17157891859182373,2.70694005801932,1.1586666772515355,1.07363010021598,0.30725155649853236,1.2576730404766123,0.6316872936756569,0.4891145139622954,0.23923300776857245
1.0,-1.1173071130166903,1.786872,0.9739196066,0.98492165,0.3973691,1.0319524566106228,0.19068995478528475,0.3411839277937934,0.11640647258480046,1.0,-0.5474095567410813,0.1151424,-0.29542141572700004,-0.2600514,-0.8758166,0.36453110464196353,-0.33412110760260155,0.2135629026337328,0.045609113381345226,1.0,0.08980395761984239,0.400551,-0.0210248780946,-0.037411295,-0.3584089,0.1534250744150349,0.5889657394205831,0.15197765612209643,0.023097207960366198,1.0,-0.4825383952431075,3.7458139849432652,1.2213480524154483,1.0983353911224225,0.2189955021088989,1.451202071382812,0.6315928057081175,0.7837706213215414,0.6142963868467551
1.0,0.13285297958495335,0.042572,0.03494990948,0.035176175000000004,0.02444092,0.03505692857190911,-0.17982220802664728,0.0027371642690462205,7.49206823574333e-06,1.0,0.28470023952519163,0.7890195,0.7811427388,0.78119575,0.7732436,0.781147111483405,0.10665164709258013,0.002613694492876807,6.831398902094549e-06,1.0,0.5168774052256886,0.6624496,0.6426092138,0.6422127,0.6266313,0.6426244373535668,0.19857548018755766,0.004423327179197754,1.956582333422956e-05,1.0,-0.14775007523867334,1.0440230356502784,1.0243859655037513,1.0244131354075399,1.002390769066051,1.0244081568431842,-0.03003199852739249,0.006742809933329142,4.5465485797002146e-05
1.0,-0.7433326092846118,1.598308,0.9721704053999999,0.9511037499999999,0.3697052,1.0100875855411855,0.22078507414909848,0.27415622066409767,0.0751616333288214,1.0,0.38948472977442705,0.2279068,-0.3167236300226,-0.29082845,-1.089039,0.3847430217295931,-0.5176668849152495,0.2184338228272475,0.04771333495492534,1.0,-0.2927576306304851,0.4073263,-0.013226178211199998,-0.061371999999999996,-0.4402473,0.17723945817990805,0.7254220977253715,0.17674527927453382,0.031238893745832955,1.0,-0.400187846194739,3.5693342270948567,1.1997179487699472,1.084869578683975,0.2086118210729,1.3528340938495937,0.6139724150504497,0.6251695201152097,0.3908369288810815
0.998661578327227,1.9810575673309145,0.251025,0.2423535174,0.24264380000000002,0.2266577,0.24238244102090153,-0.9139274234977781,0.0037443716560615664,1.4020319098717239e-05,0.999553859442409,1.1237029938100411,0.9608202,0.9501621786,0.9502217500000001,0.9405538,0.9501669527499442,0.2429630882782022,0.003012051828306087,9.07245621640204e-06,1.0,0.2242959261330859,0.1969774,0.1790984672,0.1791114,0.1651457,0.1791552947866869,0.014767638376068414,0.0045120612490528265,2.0358696715204156e-05,1.0,0.9097942583175676,1.01204460744101,0.9936631054634701,0.993665201432035,0.9737676487634401,0.9936794652039831,0.011679691250726348,0.005701965342427109,3.2512408766239895e-05
1.0,0.033756478611415286,0.08695503,0.06712431519999999,0.06692007,0.05318139,0.06735623620942555,0.3002998420274435,0.005584699206848849,3.118886523097816e-05,1.0,-0.19800101710292317,0.4415214,0.41480859,0.41169685,0.3986444,0.4149206707135388,0.8361187156073361,0.009643476944794342,9.299664758477999e-05,0.999553859442409,0.6847845193043529,0.9350347,0.9165622202,0.9173653500000001,0.8913352,0.9165887639102345,-0.6449401455546271,0.006975573706746417,4.865862853825195e-05,1.0,0.331462655662083,1.049842754806918,1.0168309876681645,1.0174208029072789,0.9838983910135326,1.016878152887912,-0.19281407027299924,0.009793892919419477,9.592033851705497e-05
0.999553859442409,-0.1762499445356176,1.96928,1.0125003186,0.9680381,0.4394536,1.0531244019699277,0.5742578519917579,0.2896793241835124,0.08391411085941647,1.0,2.1579260613678235,0.3404358,-0.055753100041059996,-0.039165149999999996,-0.6367901,0.13039688069635835,-0.6553429155860576,0.11787679301351846,0.013894938331151874,1.0,-0.03704823980888605,0.4261655,0.15642826732023998,0.1588135,-0.06952973,0.17895070682832825,0.18861314081226166,0.08691117682752793,0.0075535526575458275,1.0,1.065814854657023,3.9742252723998037,1.1580977079942165,0.9789638381348422,0.2121841654707216,1.336278771023209,1.1365282290759822,0.6666713227864537,0.44445065262583994
1.0,0.15961971255121465,1.932926,0.9956069214000001,0.9433005999999999,0.4212641,1.0356095181092138,0.6914410481130313,0.2850507534787661,0.08125393205881228,1.0,-0.6091108805094052,0.2398617,-0.240956687712,-0.2339065,-0.7220558,0.31082884619274176,0.10831683224306748,0.196352861635304,0.03855444627237283,1.0,-0.06060801044246977,0.3485351,-0.0420512075104,-0.04253145,-0.4773012,0.13881468773612796,-0.12181399833187559,0.13229215199019173,0.017501213478195988,1.0,2.26177774087414,3.8891564011910895,1.1883711631551879,1.008782547301891,0.26394676062441247,1.3595415790064564,1.4362236059482734,0.6603993364840357,0.43612728362855463
0.9991077188848179,63.36314987962845,1.021755,0.9817526912000001,0.98236665,0.9235123,0.9817639430525414,-1.8143911436099622,0.004700340373968951,2.209319963116258e-05,0.999553859442409,11.21347156424608,0.2434078,0.2102828044,0.21008929999999998,0.1921133,0.2103236159542265,1.1404705702743916,0.004143139115731047,1.716560173230064e-05,0.999553859442409,3.90921430884263,0.2380914,0.19507654740000002,0.19385425,0.1634746,0.19520809758439095,0.969222674999928,0.007165334396429328,5.1342017012653246e-05,1.0,44.17967356133725,1.1094018916023198,1.0462026646686517,1.04630278820424,0.9688098401060901,1.0462286545050856,0.12090059783943458,0.007374411687327135,5.438194773418705e-05
1.0,9.925491359453817,0.1087746,0.07776726438,0.07754793,0.03734322,0.07803406673680607,-1.154155843662149,0.0064473376160619515,4.156816233548741e-05,0.9991077188848181,6.330905594950712,0.6764895,0.6464449976000001,0.6466054000000001,0.6190367,0.6464753440282631,-0.19099843904012162,0.006263825859418046,3.923551439711422e-05,1.0,5.634325831052758,0.805177,0.772189087,0.7719542,0.7467428,0.7722097312911034,0.9929442572021284,0.005646505006140611,3.188301878437098e-05,1.0,6.367508731877761,1.084123129299957,1.0203275551086233,1.020062008843589,0.9754153507108099,1.0203954240602666,0.9487479907607684,0.01176867576196718,0.00013850172919031376
1.0,0.6872488927553326,1.721724,1.0029118918,0.9878047,0.5615865,1.0274883916223343,0.7170588463872685,0.22338337495166596,0.04990013220479659,1.0,0.41186020130125245,0.08889743,-0.224152849928,-0.2001473,-0.7233208,0.26617879888800566,-0.6791820988974424,0.14355017536254308,0.02060665284661687,1.0,-0.5854974756730313,0.3358263,0.06847804734588,0.033857985,-0.1367623,0.12066035579930474,0.7521999260955814,0.09934625555757111,0.00986967849331023,1.0,1.7290613733760756,3.280788481730037,1.141142469357728,1.042359352197988,0.3296873355143476,1.2583673860125488,1.294042285761776,0.5303605781053136,0.28128234280820236
1.0,0.20494540905670178,1.573021,0.9929823122,0.94293965,0.6658586,1.0091681066062126,0.8791396239336374,0.18001776314883472,0.03240639504910996,1.0,0.11453849041487896,0.134146,-0.2358910458936,-0.23996099999999998,-0.6613365,0.276428764620552,0.06133355077343795,0.14411202717631877,0.020768276376868042,1.0,-0.9722762093037085,0.269723,-0.04332990626242,-0.067378385,-0.4408351,0.16338651542541333,0.03561839660814012,0.15753625819521272,0.024817672646148724,1.0,0.76353866383297,2.54518213563417,1.1215282827236714,0.9934210678544677,0.49744711623666404,1.1988003254757655,1.1947068920158546,0.42343421143277193,0.1792965314116934
