time,ax,ay,az,atotal
0.000,-0.31,-0.22,0.28,0.48
0.010,-0.27,-0.25,0.24,0.44
0.020,-0.18,-0.26,0.14,0.35
0.030,-0.07,-0.23,0.07,0.25
0.040,0.07,-0.17,0.05,0.19
0.050,0.17,-0.11,0.10,0.22
0.060,0.19,-0.08,0.13,0.24
0.070,0.19,-0.08,0.13,0.24
0.080,0.14,-0.12,0.17,0.25
0.090,0.04,-0.22,0.22,0.31
0.100,-0.08,-0.32,0.24,0.41
0.110,-0.17,-0.41,0.25,0.51
0.120,-0.28,-0.47,0.27,0.61
0.130,-0.33,-0.45,0.27,0.62
0.140,-0.35,-0.37,0.32,0.60
0.150,-0.34,-0.22,0.36,0.55
0.160,-0.29,-0.07,0.38,0.48
0.170,-0.24,0.01,0.37,0.44
0.180,-0.21,0.02,0.31,0.38
0.190,-0.16,-0.04,0.27,0.31
0.200,-0.16,-0.13,0.22,0.31
0.210,-0.23,-0.25,0.14,0.37
0.220,-0.26,-0.35,0.05,0.44
0.230,-0.25,-0.40,-0.05,0.47
0.240,-0.24,-0.37,-0.07,0.45
0.250,-0.21,-0.27,-0.03,0.34
0.260,-0.21,-0.16,-0.01,0.27
0.270,-0.24,-0.10,-0.00,0.26
0.280,-0.18,-0.04,0.02,0.19
0.290,-0.09,-0.04,0.04,0.11
0.300,-0.06,-0.08,0.06,0.11
0.310,-0.06,-0.08,-0.05,0.11
0.320,-0.10,-0.06,-0.17,0.21
0.330,-0.19,-0.03,-0.20,0.28
0.340,-0.31,0.07,-0.19,0.37
0.350,-0.46,0.25,-0.21,0.57
0.360,-0.58,0.48,-0.14,0.77
0.370,-0.54,0.69,-0.04,0.88
0.380,-0.47,0.86,0.11,0.99
0.390,-0.39,1.01,0.33,1.13
0.400,-0.24,1.12,0.62,1.30
0.410,-0.11,1.18,0.86,1.46
0.420,-0.00,1.16,1.08,1.59
0.430,0.14,1.06,1.29,1.67
0.440,0.31,0.87,1.41,1.69
0.450,0.59,0.61,1.41,1.64
0.460,0.87,0.32,1.28,1.58
0.470,1.00,0.05,1.08,1.47
0.480,1.03,-0.19,0.90,1.38
0.490,0.92,-0.40,0.78,1.27
0.500,0.78,-0.47,0.72,1.16
0.510,0.61,-0.35,0.67,0.97
0.520,0.43,-0.08,0.53,0.69
0.530,0.20,0.23,0.41,0.51
0.541,-0.03,0.51,0.32,0.61
0.550,-0.24,0.75,0.33,0.86
0.560,-0.45,0.90,0.48,1.12
0.570,-0.63,1.03,0.70,1.40
0.580,-0.73,1.10,0.88,1.58
0.591,-0.81,1.14,0.94,1.69
0.600,-0.76,1.15,0.86,1.62
0.610,-0.71,1.05,0.84,1.52
0.620,-0.65,0.93,0.93,1.46
0.630,-0.55,0.80,1.04,1.42
0.641,-0.52,0.62,1.10,1.36
0.650,-0.49,0.49,1.13,1.32
0.661,-0.50,0.43,1.15,1.32
0.671,-0.46,0.35,1.17,1.31
0.681,-0.44,0.24,1.15,1.26
0.691,-0.39,0.22,1.10,1.19
0.701,-0.30,0.24,1.08,1.15
0.711,-0.18,0.23,1.11,1.15
0.721,-0.03,0.21,1.18,1.20
0.731,0.14,0.17,1.22,1.24
0.741,0.22,0.13,1.18,1.20
0.750,0.25,0.08,1.07,1.10
0.761,0.22,-0.02,1.00,1.02
0.771,0.20,-0.16,0.96,0.99
0.781,0.22,-0.29,1.05,1.11
0.791,0.33,-0.37,1.14,1.25
0.801,0.48,-0.37,1.23,1.37
0.811,0.57,-0.35,1.34,1.50
0.821,0.56,-0.30,1.40,1.54
0.831,0.54,-0.28,1.47,1.59
0.841,0.56,-0.25,1.54,1.66
0.851,0.62,-0.16,1.64,1.76
0.861,0.66,-0.05,1.72,1.84
0.871,0.67,0.07,1.81,1.93
0.881,0.66,0.20,1.91,2.03
0.891,0.69,0.31,2.01,2.15
0.901,0.71,0.43,2.09,2.25
0.911,0.90,0.52,2.15,2.39
0.921,1.18,0.54,2.13,2.49
0.931,1.57,0.43,1.76,2.40
0.941,1.83,0.32,1.05,2.13
0.951,1.90,0.31,0.89,2.13
0.961,1.75,0.42,1.05,2.08
0.971,1.29,0.66,1.09,1.81
0.981,0.81,0.96,0.91,1.55
0.991,0.44,1.16,0.65,1.40
1.001,0.35,1.17,0.35,1.27
1.011,0.45,0.94,-0.04,1.04
1.021,0.42,0.62,-0.47,0.88
1.031,0.22,0.16,-0.85,0.90
1.041,-0.12,-0.36,-1.22,1.28
1.051,-0.46,-0.77,-1.54,1.78
1.061,-0.81,-1.12,-1.75,2.23
1.071,-1.14,-1.34,-1.94,2.61
1.081,-1.44,-1.44,-2.06,2.90
1.091,-1.66,-1.39,-2.01,2.95
1.101,-1.73,-1.24,-1.79,2.78
1.111,-1.66,-0.98,-1.59,2.50
1.121,-1.57,-0.69,-1.43,2.23
1.131,-1.31,-0.40,-1.33,1.91
1.141,-1.02,-0.10,-1.17,1.55
1.151,-0.82,0.04,-1.06,1.34
1.161,-0.70,0.09,-1.03,1.25
1.171,-0.54,0.09,-1.05,1.18
1.181,-0.37,0.06,-1.12,1.18
1.191,-0.42,0.02,-1.06,1.14
1.201,-0.52,-0.05,-0.90,1.04
1.211,-0.60,-0.14,-0.71,0.93
1.221,-0.62,-0.15,-0.67,0.93
1.231,-0.43,-0.06,-0.74,0.85
1.241,-0.02,0.11,-0.75,0.76
1.251,0.35,0.32,-0.71,0.85
1.261,0.59,0.55,-0.65,1.04
1.271,0.76,0.75,-0.64,1.25
1.281,0.81,0.96,-0.60,1.39
1.291,0.70,1.04,-0.44,1.33
1.301,0.50,0.99,-0.16,1.12
1.311,0.21,0.85,0.16,0.89
1.321,-0.25,0.68,0.37,0.81
1.331,-0.64,0.52,0.58,1.01
1.341,-0.80,0.37,0.69,1.12
1.351,-0.77,0.22,0.78,1.11
1.361,-0.64,0.09,0.87,1.09
1.371,-0.49,0.01,0.93,1.05
1.381,-0.44,0.01,0.92,1.02
1.391,-0.49,0.02,0.89,1.02
1.401,-0.56,-0.01,0.86,1.03
1.411,-0.59,-0.01,0.84,1.03
1.421,-0.58,-0.05,0.86,1.04
1.431,-0.59,-0.19,0.89,1.08
1.441,-0.70,-0.36,0.90,1.19
1.451,-0.73,-0.50,0.89,1.26
1.461,-0.75,-0.58,0.90,1.31
1.471,-0.78,-0.62,0.99,1.41
1.481,-0.78,-0.63,1.12,1.51
1.491,-0.78,-0.63,1.14,1.52
1.501,-0.81,-0.59,1.06,1.46
1.511,-0.92,-0.56,0.99,1.46
1.521,-0.98,-0.55,1.08,1.56
1.531,-0.90,-0.53,1.28,1.65
1.541,-0.69,-0.45,1.36,1.59
1.551,-0.53,-0.34,1.38,1.52
1.561,-0.45,-0.22,1.30,1.40
1.571,-0.36,-0.05,1.16,1.21
1.581,-0.21,0.07,1.15,1.17
1.591,0.04,0.17,1.18,1.20
1.601,0.23,0.26,1.08,1.13
1.611,0.35,0.36,0.98,1.10
1.621,0.46,0.39,0.99,1.16
1.631,0.65,0.24,1.00,1.21
1.642,0.74,0.01,1.03,1.27
1.651,0.88,-0.20,1.06,1.39
1.661,1.15,-0.36,1.17,1.68
1.671,1.48,-0.45,1.37,2.07
1.681,1.64,-0.50,1.59,2.34
1.692,1.68,-0.47,1.80,2.50
1.701,1.72,-0.22,1.74,2.46
1.711,2.00,0.21,0.96,2.23
1.721,2.32,0.62,-0.05,2.40
1.731,2.55,0.88,-0.30,2.71
1.742,2.57,0.88,-0.19,2.73
1.751,2.00,0.52,-0.18,2.07
1.762,1.22,0.04,-0.22,1.24
1.771,1.11,-0.47,-0.24,1.23
1.782,1.48,-1.07,-0.38,1.86
1.792,1.38,-1.63,-0.47,2.18
1.801,0.89,-2.03,-0.27,2.24
1.812,0.10,-2.05,-0.27,2.07
1.822,-0.59,-1.56,-0.36,1.71
1.832,-0.82,-0.83,-0.46,1.26
1.842,-0.80,-0.21,-0.62,1.03
1.852,-0.86,0.20,-0.93,1.28
1.862,-1.25,0.42,-1.28,1.84
1.872,-1.73,0.56,-1.67,2.47
1.882,-2.00,0.63,-2.03,2.92
1.892,-2.02,0.62,-2.26,3.09
1.902,-1.81,0.60,-2.35,3.02
1.912,-1.33,0.55,-2.38,2.78
1.922,-0.75,0.52,-2.45,2.62
1.932,-0.26,0.61,-2.40,2.49
1.942,0.05,0.73,-2.28,2.39
1.952,0.20,0.86,-2.06,2.24
1.962,0.26,0.85,-1.75,1.97
1.972,0.14,0.71,-1.48,1.65
1.982,-0.03,0.48,-1.24,1.33
1.992,-0.26,0.21,-0.96,1.02
2.002,-0.46,-0.06,-0.67,0.82
2.012,-0.42,-0.34,-0.26,0.60
2.022,-0.22,-0.43,0.06,0.49
2.032,-0.23,-0.27,0.23,0.42
2.042,-0.37,-0.06,0.41,0.56
2.052,-0.47,0.04,0.54,0.71
2.062,-0.60,0.08,0.62,0.87
2.072,-0.67,0.12,0.68,0.97
2.082,-0.68,0.16,0.64,0.95
2.092,-0.78,0.18,0.53,0.96
2.102,-0.94,0.17,0.36,1.02
2.112,-0.99,0.05,0.36,1.05
2.122,-0.93,-0.11,0.53,1.07
2.132,-0.93,-0.22,0.63,1.14
2.142,-1.00,-0.21,0.76,1.27
2.152,-0.93,-0.04,0.87,1.28
2.162,-0.80,0.20,0.95,1.26
2.172,-0.65,0.46,0.96,1.25
2.182,-0.50,0.69,0.99,1.30
2.192,-0.42,0.86,1.01,1.39
2.202,-0.58,0.93,0.98,1.47
2.212,-0.90,1.00,0.97,1.66
2.222,-1.21,1.08,0.90,1.85
2.232,-1.48,1.03,0.83,1.98
2.242,-1.51,0.86,0.90,1.96
2.252,-1.23,0.66,1.05,1.74
2.262,-0.90,0.40,1.16,1.52
2.272,-0.53,0.15,1.18,1.30
2.282,-0.09,-0.03,1.26,1.26
2.292,0.44,-0.13,1.33,1.41
2.302,0.86,-0.20,1.29,1.56
2.312,1.10,-0.23,1.15,1.61
2.322,1.18,-0.20,1.01,1.56
2.332,1.44,0.01,0.96,1.73
2.342,1.73,0.29,1.00,2.02
2.352,1.89,0.53,1.17,2.29
2.362,1.77,0.74,1.59,2.49
2.372,1.57,0.88,2.20,2.84
2.382,1.31,0.90,2.97,3.37
2.392,1.03,0.80,3.82,4.03
2.402,1.11,0.31,3.94,4.10
2.412,1.85,-0.44,2.07,2.81
2.422,2.97,-1.08,-0.22,3.17
2.432,3.79,-1.32,-1.05,4.14
2.442,3.50,-1.03,-1.28,3.87
2.452,2.25,-0.34,-1.88,2.96
2.462,1.44,0.40,-2.45,2.86
2.472,1.61,1.05,-2.80,3.40
2.482,1.47,1.38,-3.06,3.67
2.492,0.44,1.16,-3.20,3.44
2.502,-0.73,0.59,-3.10,3.24
2.512,-1.56,-0.08,-2.85,3.25
2.522,-1.92,-0.62,-2.62,3.31
2.532,-2.09,-1.17,-2.57,3.51
2.542,-2.26,-1.63,-2.36,3.66
2.552,-2.40,-1.88,-2.11,3.71
2.562,-2.30,-1.89,-1.76,3.46
2.572,-1.94,-1.64,-1.34,2.87
2.582,-1.60,-1.21,-0.95,2.22
2.592,-1.19,-0.74,-0.74,1.58
2.602,-0.71,-0.39,-0.66,1.05
2.612,-0.23,-0.09,-0.68,0.73
2.622,0.08,0.22,-0.78,0.81
2.632,0.19,0.46,-0.83,0.97
2.642,0.20,0.53,-0.85,1.02
2.652,0.16,0.38,-0.93,1.02
2.662,0.03,0.34,-1.11,1.16
2.672,-0.27,0.46,-1.21,1.32
2.682,-0.60,0.44,-1.13,1.35
2.692,-0.81,0.39,-1.04,1.38
2.702,-0.96,0.38,-0.90,1.37
2.712,-0.99,0.38,-0.62,1.23
2.722,-0.99,0.31,-0.36,1.09
2.732,-0.80,0.20,-0.19,0.84
2.742,-0.57,0.06,-0.01,0.57
2.753,-0.45,-0.02,0.10,0.46
2.762,-0.35,-0.08,0.20,0.41
2.773,-0.39,-0.10,0.29,0.50
2.782,-0.61,-0.10,0.40,0.73
2.792,-0.94,0.01,0.52,1.07
2.803,-1.27,0.23,0.76,1.50
2.812,-1.48,0.40,1.00,1.83
2.822,-1.60,0.43,1.12,2.00
2.832,-1.60,0.30,1.08,1.95
2.842,-1.52,0.02,0.87,1.76
2.852,-1.23,-0.32,0.58,1.40
2.863,-0.79,-0.67,0.36,1.09
2.873,-0.48,-0.90,0.19,1.04
2.883,-0.43,-0.94,0.10,1.04
2.892,-0.52,-0.81,0.18,0.98
2.903,-0.60,-0.52,0.54,0.96
2.913,-0.62,-0.18,1.14,1.31
2.923,-0.64,0.17,1.68,1.81
2.933,-0.63,0.45,1.91,2.06
2.943,-0.52,0.53,1.83,1.97
2.953,-0.26,0.45,1.57,1.65
2.963,0.10,0.20,1.22,1.24
2.972,0.53,-0.12,0.85,1.00
2.983,0.94,-0.34,0.59,1.16
2.993,1.25,-0.47,0.48,1.42
3.003,1.54,-0.54,0.47,1.70
3.013,1.77,-0.57,0.57,1.94
3.023,1.89,-0.54,0.80,2.12
3.033,1.80,-0.46,1.11,2.17
3.043,1.67,-0.27,1.42,2.21
3.053,1.71,0.09,1.30,2.15
3.063,2.09,0.58,0.33,2.19
3.073,2.62,0.92,-0.40,2.80
3.083,2.86,1.07,-0.11,3.05
3.093,2.08,0.73,0.66,2.30
3.103,0.55,-0.01,0.93,1.08
3.113,-0.23,-0.63,0.44,0.80
3.123,0.36,-0.97,-0.33,1.08
3.133,1.38,-1.31,-1.10,2.20
3.143,1.77,-1.71,-1.67,2.97
3.153,1.39,-1.93,-2.11,3.17
3.163,0.81,-1.78,-2.50,3.17
3.173,0.79,-1.29,-2.65,3.05
3.183,0.85,-0.70,-2.74,2.95
3.193,0.48,-0.21,-2.69,2.74
3.203,-0.47,0.07,-2.50,2.55
3.213,-1.56,0.24,-2.44,2.91
3.223,-2.39,0.54,-2.31,3.37
3.233,-2.82,0.96,-2.05,3.62
3.243,-2.84,1.42,-1.81,3.66
3.253,-2.37,1.88,-1.63,3.43
3.263,-1.56,2.22,-1.44,3.08
3.273,-0.60,2.38,-1.36,2.81
3.283,0.24,2.32,-1.24,2.64
3.293,0.64,1.97,-1.16,2.37
3.303,0.70,1.35,-1.09,1.87
3.313,0.68,0.58,-0.93,1.29
3.323,0.58,-0.25,-0.73,0.97
3.333,0.34,-1.01,-0.45,1.16
3.343,-0.06,-1.63,-0.11,1.63
3.353,-0.52,-1.93,0.29,2.02
3.363,-0.97,-1.87,0.64,2.20
3.373,-1.23,-1.50,0.84,2.11
3.383,-1.24,-0.96,0.91,1.81
3.393,-1.14,-0.41,0.83,1.47
3.403,-1.00,0.06,0.67,1.20
3.413,-0.78,0.47,0.45,1.01
3.423,-0.60,0.73,0.22,0.97
3.433,-0.54,0.90,0.07,1.05
3.443,-0.65,0.96,0.05,1.15
3.453,-0.96,0.90,0.13,1.32
3.463,-1.30,0.78,0.29,1.54
3.473,-1.56,0.61,0.49,1.74
3.483,-1.65,0.48,0.72,1.86
3.493,-1.65,0.41,0.84,1.90
3.503,-1.64,0.37,0.86,1.89
3.513,-1.49,0.54,0.93,1.84
3.523,-1.15,0.88,1.04,1.78
3.533,-0.84,1.19,1.06,1.80
3.543,-0.71,1.35,1.01,1.83
3.553,-0.77,1.30,0.95,1.79
3.563,-0.71,1.05,0.89,1.55
3.573,-0.55,0.76,0.92,1.32
3.583,-0.32,0.43,1.01,1.14
3.593,-0.14,0.09,1.05,1.07
3.603,0.05,-0.16,1.18,1.19
3.613,0.35,-0.30,1.45,1.52
3.623,0.64,-0.33,1.64,1.79
3.633,0.97,-0.30,1.67,1.95
3.643,1.40,-0.26,1.69,2.21
3.653,1.76,-0.22,1.60,2.39
3.663,2.01,-0.10,1.39,2.44
3.673,2.08,0.12,1.17,2.39
3.683,2.04,0.36,1.10,2.35
3.693,2.02,0.54,1.33,2.48
3.703,1.94,0.69,1.93,2.82
3.713,1.89,0.62,2.48,3.18
3.723,2.06,0.20,2.08,2.93
3.733,2.55,-0.40,0.62,2.66
3.743,3.29,-0.81,-0.47,3.42
3.753,3.54,-0.93,-0.99,3.79
3.763,2.94,-0.72,-1.74,3.49
3.773,2.19,-0.09,-2.40,3.25
3.783,1.74,0.77,-2.66,3.26
3.793,1.35,1.50,-2.53,3.24
3.803,0.61,1.76,-2.23,2.91
3.813,-0.60,1.44,-2.12,2.63
3.823,-1.72,0.82,-2.12,2.85
3.833,-2.26,0.02,-2.10,3.09
3.843,-2.47,-0.83,-2.06,3.32
3.853,-2.48,-1.55,-2.00,3.54
3.863,-2.38,-2.10,-1.90,3.70
3.873,-2.20,-2.34,-1.66,3.61
3.883,-1.82,-2.16,-1.31,3.12
3.893,-1.28,-1.60,-0.96,2.26
3.903,-1.05,-0.73,-0.86,1.54
3.913,-0.74,-0.13,-1.05,1.29
3.923,-0.36,0.14,-1.28,1.34
3.934,-0.21,0.48,-1.45,1.54
3.943,-0.31,0.84,-1.50,1.74
3.953,-0.32,1.01,-1.52,1.85
3.963,-0.32,1.02,-1.62,1.94
3.974,-0.45,0.95,-1.56,1.89
3.984,-0.74,0.72,-1.25,1.62
3.994,-0.88,0.36,-0.83,1.26
4.003,-0.85,0.02,-0.44,0.96
4.014,-0.81,-0.23,-0.13,0.85
4.024,-0.76,-0.47,-0.03,0.89
4.033,-0.64,-0.69,-0.00,0.94
4.044,-0.47,-0.76,0.01,0.89
4.054,-0.42,-0.69,0.09,0.81
4.064,-0.50,-0.52,0.20,0.75
4.074,-0.70,-0.37,0.30,0.84
4.084,-0.94,-0.25,0.47,1.08
4.094,-1.14,-0.14,0.64,1.31
4.104,-1.36,-0.07,0.88,1.63
4.114,-1.61,-0.00,1.03,1.91
4.124,-1.82,0.02,1.09,2.12
4.134,-1.94,-0.01,1.12,2.24
4.144,-1.95,-0.19,1.19,2.29
4.154,-1.73,-0.46,1.24,2.18
4.164,-1.38,-0.72,1.26,2.00
4.174,-0.96,-0.96,1.31,1.89
4.184,-0.58,-1.07,1.27,1.76
4.194,-0.37,-0.98,1.14,1.55
4.204,-0.26,-0.79,1.02,1.32
4.214,-0.18,-0.55,0.95,1.12
4.224,-0.23,-0.26,0.90,0.96
4.234,-0.35,0.01,0.94,1.00
4.244,-0.36,0.21,1.06,1.14
4.254,-0.24,0.41,1.12,1.22
4.264,-0.08,0.54,1.09,1.22
4.274,0.09,0.60,0.91,1.09
4.284,0.28,0.60,0.72,0.97
4.294,0.50,0.50,0.45,0.84
4.304,0.84,0.31,0.25,0.93
4.314,1.30,0.02,0.23,1.32
4.324,1.79,-0.33,0.43,1.87
4.334,2.18,-0.69,0.85,2.44
4.344,2.42,-0.92,1.40,2.95
4.354,2.48,-0.79,1.92,3.24
4.364,2.50,-0.21,2.01,3.21
4.374,2.74,0.76,1.10,3.05
4.384,3.29,1.60,0.11,3.66
4.394,3.83,2.12,-0.33,4.39
4.404,3.74,1.96,-0.61,4.27
4.414,2.74,0.97,-1.21,3.15
4.424,2.04,-0.42,-1.72,2.70
4.434,2.17,-1.71,-1.97,3.39
4.444,2.14,-2.76,-2.29,4.18
4.454,1.31,-3.44,-2.73,4.59
4.464,0.03,-3.42,-2.86,4.46
4.474,-1.00,-2.59,-2.70,3.87
4.484,-1.62,-1.28,-2.46,3.21
4.494,-1.84,0.06,-2.25,2.91
4.504,-1.87,1.15,-2.15,3.07
4.514,-1.82,1.87,-2.05,3.32
4.524,-1.71,2.21,-1.94,3.40
4.534,-1.62,2.16,-1.93,3.32
4.544,-1.52,1.75,-1.94,3.02
4.554,-1.42,1.18,-1.76,2.54
4.564,-1.31,0.62,-1.44,2.04
4.574,-1.21,0.17,-1.19,1.71
4.584,-1.01,-0.21,-1.15,1.55
4.594,-0.68,-0.56,-1.18,1.48
4.604,-0.42,-0.80,-1.24,1.53
4.614,-0.23,-1.04,-1.23,1.63
4.624,-0.08,-1.21,-1.16,1.68
4.634,-0.09,-1.30,-0.99,1.64
4.644,-0.28,-1.20,-0.81,1.48
4.654,-0.47,-0.99,-0.57,1.23
4.664,-0.66,-0.67,-0.27,0.98
4.674,-0.81,-0.28,-0.06,0.86
4.684,-0.91,0.14,0.10,0.93
4.694,-0.93,0.47,0.22,1.07
4.704,-0.86,0.73,0.29,1.17
4.714,-0.79,0.97,0.30,1.29
4.724,-0.79,1.12,0.27,1.39
4.734,-0.79,1.04,0.22,1.32
4.744,-0.80,0.83,0.21,1.17
4.754,-0.86,0.60,0.31,1.10
4.764,-0.96,0.38,0.45,1.13
4.774,-1.07,0.20,0.61,1.25
4.784,-1.22,0.12,0.81,1.47
4.794,-1.33,0.11,1.09,1.73
4.804,-1.34,0.18,1.30,1.88
4.814,-1.24,0.27,1.37,1.86
4.824,-1.05,0.40,1.36,1.77
4.834,-0.84,0.55,1.42,1.74
4.844,-0.67,0.67,1.53,1.80
4.854,-0.62,0.85,1.52,1.85
4.864,-0.79,1.02,1.37,1.88
4.874,-0.98,1.04,1.27,1.91
4.884,-0.93,1.00,1.34,1.92
4.894,-0.69,0.93,1.39,1.81
4.904,-0.35,0.81,1.33,1.60
4.914,-0.09,0.65,1.23,1.39
4.924,0.20,0.51,1.25,1.36
4.934,0.68,0.26,1.27,1.47
4.944,1.24,-0.15,1.15,1.70
4.954,1.53,-0.73,1.00,1.97
4.964,1.75,-1.24,0.84,2.31
4.974,2.06,-1.47,0.70,2.63
4.984,2.35,-1.40,0.72,2.82
4.994,2.42,-1.09,1.01,2.83
5.004,2.29,-0.63,1.70,2.92
5.014,2.31,-0.15,2.58,3.47
5.024,2.52,-0.03,2.36,3.45
5.034,3.06,-0.13,0.88,3.19
5.044,4.21,-0.19,-0.24,4.22
5.054,4.66,-0.07,-0.98,4.77
5.064,3.74,0.42,-1.93,4.24
5.074,2.30,1.31,-2.61,3.72
5.085,1.33,2.28,-2.61,3.71
5.094,0.64,2.99,-2.21,3.77
5.104,-0.47,3.10,-1.88,3.66
5.115,-1.73,2.42,-1.77,3.46
5.125,-2.36,1.15,-1.84,3.20
5.134,-2.61,-0.32,-2.00,3.31
5.145,-2.42,-1.66,-2.17,3.66
5.154,-2.04,-2.82,-2.26,4.15
5.165,-1.74,-3.40,-2.14,4.37
5.175,-1.52,-3.33,-1.93,4.14
5.184,-1.06,-2.68,-1.68,3.33
5.195,-0.51,-1.79,-1.52,2.40
5.205,-0.03,-0.91,-1.45,1.71
5.215,0.38,-0.06,-1.50,1.54
5.225,0.58,0.60,-1.64,1.84
5.235,0.43,1.12,-1.56,1.97
5.245,-0.13,1.50,-1.40,2.05
5.255,-0.80,1.67,-1.34,2.28
5.265,-1.18,1.58,-1.19,2.30
5.275,-1.33,1.45,-0.91,2.17
5.285,-1.60,1.28,-0.68,2.16
5.295,-1.83,0.78,-0.62,2.08
5.305,-1.89,0.19,-0.50,1.96
5.315,-1.70,-0.25,-0.34,1.75
5.325,-1.45,-0.63,-0.25,1.60
5.335,-1.28,-0.95,-0.20,1.61
5.345,-1.17,-1.16,-0.12,1.65
5.355,-1.01,-1.22,-0.01,1.59
5.365,-0.82,-1.05,0.10,1.34
5.375,-0.70,-0.72,0.27,1.04
5.385,-0.68,-0.31,0.43,0.87
5.395,-0.85,0.00,0.43,0.95
5.405,-1.06,0.18,0.43,1.16
5.415,-1.36,0.14,0.45,1.44
5.425,-1.70,-0.08,0.59,1.80
5.435,-1.90,-0.41,0.86,2.12
5.445,-1.87,-0.68,1.10,2.27
5.455,-1.67,-0.87,1.19,2.23
5.465,-1.42,-0.93,1.13,2.04
5.475,-1.16,-0.90,1.05,1.80
5.485,-0.80,-0.76,1.02,1.51
5.495,-0.43,-0.58,0.97,1.21
5.505,-0.34,-0.39,0.80,0.95
5.515,-0.35,-0.17,0.67,0.78
5.525,-0.15,0.08,0.68,0.70
5.535,0.19,0.20,0.71,0.76
5.545,0.49,0.26,0.69,0.89
5.555,0.80,0.33,0.68,1.10
5.565,1.18,0.33,0.76,1.44
5.575,1.47,0.30,0.76,1.68
5.585,1.63,0.31,0.68,1.79
5.595,1.72,0.31,0.68,1.87
5.605,1.81,0.27,0.81,2.00
5.615,1.87,0.11,1.07,2.16
5.625,1.80,-0.13,1.46,2.32
5.635,1.59,-0.26,1.74,2.38
5.645,1.61,-0.12,1.56,2.24
5.655,1.99,0.34,0.59,2.10
5.665,2.71,0.70,-0.28,2.81
5.675,3.56,0.89,-0.42,3.70
5.685,3.71,0.85,-0.58,3.85
5.695,2.72,0.21,-1.22,2.99
5.705,2.00,-0.59,-1.91,2.82
5.715,2.22,-1.22,-2.12,3.30
5.725,2.11,-1.79,-2.33,3.62
5.735,1.06,-2.25,-2.80,3.74
5.745,-0.23,-2.27,-2.94,3.72
5.755,-1.11,-1.74,-2.85,3.52
5.765,-1.70,-0.83,-2.75,3.34
5.775,-2.19,0.09,-2.60,3.41
5.785,-2.46,0.85,-2.48,3.59
5.795,-2.48,1.41,-2.42,3.74
5.805,-2.37,1.73,-2.35,3.76
5.815,-2.14,1.87,-2.17,3.58
5.825,-1.72,1.79,-1.94,3.16
5.835,-1.28,1.58,-1.78,2.70
5.845,-0.94,1.31,-1.61,2.28
5.855,-0.60,0.97,-1.47,1.86
5.865,-0.14,0.63,-1.42,1.56
5.875,0.39,0.31,-1.48,1.56
5.885,0.84,-0.10,-1.46,1.69
5.895,0.96,-0.52,-1.29,1.69
5.905,0.64,-0.91,-0.92,1.44
5.915,0.02,-1.18,-0.45,1.26
5.925,-0.61,-1.26,-0.03,1.40
5.935,-1.06,-1.11,0.36,1.57
5.945,-1.28,-0.76,0.69,1.64
5.955,-1.25,-0.35,0.82,1.54
5.965,-1.08,0.07,0.78,1.33
5.975,-0.83,0.37,0.66,1.12
5.985,-0.71,0.65,0.52,1.09
5.995,-0.61,0.92,0.31,1.15
6.005,-0.57,1.05,0.13,1.20
6.015,-0.57,1.01,-0.05,1.16
6.025,-0.57,0.72,-0.13,0.93
6.035,-0.68,0.32,-0.06,0.75
6.045,-1.07,0.07,0.23,1.09
6.055,-1.34,-0.00,0.55,1.45
6.065,-1.34,-0.04,0.81,1.56
6.075,-1.25,-0.01,0.97,1.58
6.085,-1.31,0.15,1.04,1.68
6.095,-1.30,0.40,1.06,1.73
6.105,-1.17,0.69,0.99,1.68
6.115,-1.01,0.92,0.96,1.67
6.125,-0.89,1.07,0.99,1.71
6.135,-0.77,1.13,1.10,1.76
6.146,-0.65,1.04,1.21,1.73
6.155,-0.57,0.88,1.29,1.67
6.165,-0.59,0.70,1.32,1.60
6.175,-0.39,0.52,1.30,1.45
6.186,0.04,0.41,1.29,1.35
6.195,0.43,0.35,1.17,1.29
6.205,0.76,0.34,0.97,1.28
6.215,1.05,0.36,0.90,1.42
6.225,1.32,0.41,0.86,1.63
6.235,1.63,0.48,0.81,1.88
6.245,1.93,0.57,0.76,2.16
6.255,2.09,0.62,0.83,2.33
6.266,2.16,0.53,1.10,2.48
6.276,2.19,0.30,1.58,2.72
6.285,2.26,-0.06,2.11,3.09
6.296,2.46,-0.62,1.71,3.05
6.306,3.08,-1.22,0.29,3.32
6.316,4.08,-1.61,-1.02,4.50
6.326,4.43,-1.59,-1.86,5.06
6.335,3.64,-1.10,-2.37,4.48
6.346,2.38,-0.12,-2.54,3.48
6.356,1.53,1.08,-2.26,2.93
6.366,1.08,2.01,-1.62,2.79
6.376,0.22,2.52,-1.24,2.82
6.386,-0.85,2.47,-1.18,2.87
6.396,-1.79,1.66,-1.26,2.74
6.406,-2.35,0.49,-1.34,2.75
6.416,-2.46,-0.72,-1.54,2.98
6.426,-2.60,-1.56,-1.71,3.48
6.436,-2.41,-2.79,-1.99,4.19
6.446,-1.90,-3.37,-2.09,4.40
6.456,-1.41,-2.91,-2.07,3.84
6.466,-0.99,-2.21,-2.10,3.20
6.476,-0.60,-1.29,-2.09,2.53
6.486,-0.20,-0.20,-1.97,1.99
6.496,0.16,0.74,-1.89,2.04
6.506,0.46,1.38,-1.87,2.37
6.516,0.62,1.81,-1.93,2.72
6.526,0.51,2.03,-1.98,2.88
6.536,0.16,1.89,-2.02,2.77
6.546,-0.30,1.55,-1.93,2.49
6.556,-0.89,1.25,-1.65,2.25
6.566,-1.45,0.91,-1.22,2.10
6.576,-1.76,0.48,-0.75,1.97
6.586,-1.92,0.13,-0.30,1.95
6.596,-1.92,-0.21,0.02,1.93
6.606,-1.68,-0.64,0.21,1.81
6.616,-1.23,-0.97,0.33,1.60
6.626,-0.89,-1.04,0.39,1.42
6.636,-0.71,-0.88,0.38,1.20
6.646,-0.60,-0.63,0.41,0.96
6.656,-0.63,-0.42,0.39,0.85
6.666,-0.75,-0.29,0.46,0.93
6.676,-1.00,-0.14,0.61,1.18
6.686,-1.26,0.00,0.83,1.51
6.696,-1.49,0.07,1.04,1.82
6.706,-1.69,-0.01,1.16,2.05
6.716,-1.81,-0.19,1.19,2.18
6.726,-1.65,-0.46,1.28,2.14
6.736,-1.30,-0.76,1.27,1.97
6.746,-1.12,-1.02,1.16,1.91
6.756,-1.06,-1.17,1.09,1.92
6.766,-0.96,-1.21,1.05,1.87
6.776,-0.72,-1.03,0.93,1.57
6.786,-0.55,-0.72,0.80,1.21
6.796,-0.31,-0.34,0.83,0.95
6.806,-0.19,0.03,1.04,1.06
6.816,-0.14,0.34,1.19,1.24
6.826,-0.15,0.60,1.09,1.26
6.836,-0.03,0.74,0.95,1.21
6.846,0.20,0.74,0.84,1.14
6.856,0.47,0.64,0.80,1.13
6.866,0.83,0.54,0.78,1.26
6.876,1.32,0.35,0.80,1.58
6.886,1.85,0.11,0.94,2.08
6.896,2.18,-0.12,1.13,2.46
6.906,2.30,-0.33,1.34,2.69
6.916,2.29,-0.41,1.56,2.80
6.926,2.16,-0.30,1.87,2.87
6.936,2.20,0.09,2.03,3.00
6.946,2.55,0.72,1.28,2.94
6.956,3.04,1.25,0.45,3.32
6.966,3.35,1.62,0.23,3.73
6.976,3.11,1.56,0.03,3.48
6.986,2.42,0.89,-0.75,2.69
6.996,2.15,0.02,-1.54,2.64
7.006,2.40,-0.82,-2.07,3.28
7.016,1.95,-1.76,-2.76,3.81
7.026,0.74,-2.52,-3.42,4.31
7.036,-0.44,-2.57,-3.80,4.61
7.046,-1.05,-2.08,-3.76,4.42
7.056,-1.43,-1.42,-3.32,3.89
7.066,-1.75,-0.63,-2.90,3.45
7.076,-2.22,-0.01,-2.65,3.46
7.086,-2.61,0.49,-2.36,3.55
7.096,-2.85,0.88,-2.08,3.64
7.106,-2.86,1.05,-1.87,3.57
7.116,-2.52,1.06,-1.75,3.25
7.126,-1.89,0.98,-1.74,2.75
7.136,-1.11,0.86,-1.72,2.22
7.146,-0.51,0.73,-1.66,1.88
7.156,-0.06,0.59,-1.63,1.73
7.166,0.47,0.46,-1.69,1.81
7.176,1.00,0.32,-1.57,1.89
7.186,1.17,0.06,-1.43,1.85
7.196,1.02,-0.31,-1.25,1.64
7.206,0.61,-0.72,-0.78,1.22
7.216,-0.06,-1.02,-0.25,1.05
7.226,-0.75,-1.16,0.26,1.41
7.236,-1.26,-1.14,0.72,1.84
7.246,-1.42,-0.90,1.02,1.97
7.256,-1.39,-0.54,1.06,1.83
7.266,-1.31,-0.19,0.97,1.64
7.276,-1.12,0.12,0.99,1.50
7.286,-0.87,0.44,0.94,1.36
7.296,-0.71,0.75,0.71,1.26
7.306,-0.70,0.97,0.47,1.28
7.316,-0.69,1.00,0.35,1.27
7.327,-0.69,0.88,0.36,1.17
7.336,-0.77,0.69,0.50,1.15
7.346,-0.93,0.56,0.64,1.26
7.356,-1.09,0.49,0.79,1.43
7.367,-1.18,0.50,0.93,1.59
7.376,-1.20,0.53,0.96,1.63
7.387,-1.18,0.59,1.04,1.67
7.396,-1.16,0.69,1.12,1.75
7.407,-1.15,0.82,1.11,1.80
7.416,-1.24,0.99,1.02,1.88
7.427,-1.30,1.14,0.90,1.95
7.436,-1.28,1.16,0.93,1.96
7.447,-1.11,0.97,1.00,1.78
7.456,-0.82,0.67,1.03,1.48
7.466,-0.49,0.33,0.97,1.14
7.476,-0.03,-0.02,0.91,0.91
7.487,0.55,-0.36,0.94,1.14
7.496,1.20,-0.68,1.07,1.75
7.507,1.72,-0.98,1.00,2.22
7.517,2.13,-1.14,0.86,2.56
7.527,2.61,-1.12,0.80,2.95
7.537,3.03,-0.76,0.85,3.24
7.547,3.15,-0.23,1.00,3.32
7.557,3.03,0.37,1.27,3.31
7.567,2.72,0.92,1.86,3.42
7.577,2.42,1.31,2.56,3.75
7.587,2.45,1.28,2.69,3.86
7.597,2.65,0.86,1.31,3.08
7.607,3.14,0.22,-0.15,3.15
7.617,3.61,-0.30,-0.99,3.76
7.627,3.06,-0.50,-1.90,3.64
7.637,1.99,-0.40,-2.53,3.24
7.647,1.40,-0.04,-2.61,2.96
7.657,1.12,0.50,-2.50,2.78
7.667,0.43,0.89,-2.19,2.40
7.677,-0.72,1.25,-1.65,2.19
7.687,-1.68,1.32,-1.18,2.44
7.697,-2.10,0.92,-1.23,2.60
7.707,-2.45,0.20,-1.40,2.83
7.717,-2.59,-0.58,-1.77,3.19
7.727,-2.45,-1.39,-2.24,3.60
7.737,-2.20,-2.05,-2.51,3.92
7.747,-2.04,-2.31,-2.40,3.91
7.757,-1.85,-2.16,-2.11,3.54
7.767,-1.16,-1.65,-1.98,2.82
7.777,-0.49,-0.81,-1.93,2.15
7.787,0.14,0.26,-1.85,1.87
7.797,0.43,1.17,-1.93,2.30
7.807,0.35,2.00,-1.99,2.84
7.817,0.15,2.56,-2.05,3.29
7.827,-0.11,2.66,-2.02,3.34
7.837,-0.39,2.38,-1.73,2.97
7.847,-0.73,1.69,-1.26,2.23
7.857,-1.08,0.79,-0.83,1.57
7.867,-1.29,-0.01,-0.20,1.30
7.877,-1.39,-0.64,0.30,1.56
7.887,-1.39,-1.11,0.66,1.90
7.897,-1.26,-1.39,0.84,2.06
7.907,-1.25,-1.48,0.91,2.14
7.917,-1.24,-1.24,1.02,2.03
7.927,-1.08,-0.78,1.09,1.72
7.937,-0.86,-0.28,1.03,1.37
7.947,-0.86,0.13,0.74,1.14
7.957,-1.02,0.39,0.49,1.20
7.967,-1.16,0.44,0.54,1.35
7.977,-1.34,0.34,0.60,1.51
7.987,-1.57,0.08,0.72,1.73
7.997,-1.70,-0.27,0.85,1.92
8.007,-1.80,-0.60,0.89,2.10
8.017,-1.82,-0.89,0.98,2.25
8.027,-1.69,-1.02,1.08,2.25
8.037,-1.52,-1.02,0.99,2.08
8.047,-1.31,-0.81,0.83,1.75
8.057,-0.95,-0.58,0.87,1.41
8.067,-0.55,-0.35,0.97,1.17
8.077,-0.27,-0.09,0.90,0.94
8.087,0.02,0.12,0.85,0.86
8.097,0.42,0.28,1.07,1.18
8.107,0.79,0.33,1.21,1.48
8.117,1.06,0.30,1.05,1.52
8.127,1.28,0.28,0.84,1.56
8.137,1.48,0.26,0.68,1.65
8.147,1.69,0.21,0.61,1.81
8.157,1.98,0.09,0.73,2.11
8.167,2.28,-0.05,0.97,2.48
8.177,2.45,-0.07,1.35,2.80
8.187,2.49,0.17,1.91,3.14
8.197,2.49,0.71,2.32,3.47
8.207,2.83,1.53,1.67,3.63
8.217,3.29,2.12,0.40,3.94
8.227,3.47,2.33,0.02,4.18
8.237,2.95,2.14,0.04,3.64
8.247,1.79,1.23,-0.64,2.27
8.257,1.14,0.13,-1.43,1.83
8.267,1.26,-0.80,-1.87,2.40
8.277,1.35,-1.76,-2.64,3.44
8.287,0.81,-2.67,-3.57,4.53
8.297,-0.02,-3.04,-3.96,4.99
8.307,-0.82,-2.68,-3.88,4.79
8.317,-1.55,-1.84,-3.61,4.34
8.327,-2.08,-0.82,-3.23,3.93
8.337,-2.32,0.10,-2.87,3.69
8.347,-2.36,0.84,-2.55,3.58
8.357,-2.31,1.15,-2.38,3.51
8.367,-2.05,1.18,-2.08,3.15
8.377,-1.67,1.04,-1.80,2.66
8.387,-1.16,0.85,-1.55,2.12
8.397,-0.69,0.65,-1.25,1.58
8.407,-0.37,0.41,-1.03,1.16
8.417,-0.18,0.05,-0.93,0.95
8.427,0.01,-0.29,-0.90,0.95
8.437,0.23,-0.58,-0.90,1.10
8.447,0.47,-0.93,-0.86,1.35
8.457,0.45,-1.26,-0.69,1.51
8.467,0.07,-1.50,-0.44,1.57
8.477,-0.35,-1.56,-0.12,1.60
8.487,-0.70,-1.37,0.22,1.55
8.497,-1.02,-0.95,0.51,1.49
8.507,-1.22,-0.35,0.73,1.47
8.518,-1.43,0.22,0.73,1.62
8.528,-1.54,0.68,0.58,1.78
8.538,-1.50,1.15,0.42,1.94
8.548,-1.40,1.55,0.34,2.11
8.558,-1.10,1.68,0.21,2.02
8.568,-0.81,1.42,0.08,1.64
8.578,-0.75,0.99,0.06,1.24
8.588,-0.80,0.55,0.19,0.99
8.598,-0.93,0.18,0.42,1.03
8.608,-1.15,-0.04,0.77,1.38
8.618,-1.34,-0.17,1.26,1.85
8.628,-1.46,-0.10,1.61,2.17
8.638,-1.49,0.13,1.83,2.36
8.648,-1.45,0.37,1.95,2.46
8.658,-1.41,0.62,1.91,2.46
8.668,-1.37,0.85,1.64,2.30
8.678,-1.15,0.98,1.30,1.99
8.688,-0.81,1.00,1.00,1.63
8.698,-0.55,0.90,0.80,1.32
8.708,-0.20,0.71,0.82,1.11
8.718,0.33,0.49,1.02,1.18
8.728,0.91,0.33,1.22,1.56
8.738,1.43,0.14,1.36,1.97
8.748,1.77,-0.08,1.60,2.39
8.758,2.00,-0.42,1.76,2.70
8.768,2.03,-0.87,1.78,2.84
8.778,1.96,-1.21,1.72,2.87
8.788,2.04,-1.34,1.49,2.86
8.798,2.22,-1.09,1.22,2.76
8.808,2.38,-0.54,1.20,2.71
8.818,2.56,0.07,1.66,3.05
8.828,2.62,0.73,2.49,3.69
8.838,2.53,1.14,3.31,4.32
8.848,2.50,1.09,3.05,4.09
8.858,2.83,0.66,1.15,3.13
8.868,3.58,0.06,-0.90,3.69
8.878,3.79,-0.33,-2.56,4.58
8.888,2.92,-0.40,-4.14,5.08
8.898,1.54,-0.15,-4.94,5.17
8.908,0.40,0.26,-4.83,4.85
8.918,-0.39,0.64,-4.41,4.48
8.928,-1.52,1.05,-3.57,4.01
8.938,-2.57,1.01,-2.66,3.83
8.948,-3.03,0.27,-2.15,3.72
8.958,-2.98,-0.57,-1.83,3.55
8.968,-2.61,-1.44,-1.79,3.48
8.978,-2.11,-2.30,-1.93,3.66
8.988,-1.63,-2.76,-1.91,3.73
8.998,-1.05,-2.62,-1.47,3.18
9.008,-0.41,-2.10,-1.10,2.40
9.018,0.13,-1.16,-0.82,1.43
9.028,0.40,-0.24,-0.91,1.02
9.038,0.52,0.56,-1.10,1.34
9.048,0.40,1.26,-1.25,1.82
9.058,-0.02,1.81,-1.37,2.27
9.068,-0.56,2.18,-1.38,2.64
9.078,-1.05,2.31,-1.41,2.90
9.088,-1.41,2.25,-1.29,2.95
9.098,-1.48,2.05,-1.03,2.72
9.108,-1.57,1.53,-0.86,2.36
9.118,-1.71,0.84,-0.70,2.03
9.128,-1.77,0.16,-0.47,1.84
9.138,-1.67,-0.44,-0.32,1.76
9.148,-1.57,-0.86,-0.08,1.79
9.158,-1.38,-1.12,0.14,1.78
9.168,-1.20,-1.30,0.39,1.81
9.178,-1.10,-1.31,0.60,1.81
9.188,-0.97,-1.19,0.74,1.70
9.198,-0.88,-0.88,0.88,1.53
9.208,-0.93,-0.55,1.02,1.48
9.218,-1.00,-0.32,1.08,1.51
9.228,-1.06,-0.17,1.29,1.68
9.238,-1.18,-0.11,1.55,1.95
9.248,-1.23,-0.17,1.76,2.15
9.258,-1.31,-0.35,1.73,2.20
9.268,-1.48,-0.67,1.50,2.21
9.278,-1.59,-0.98,1.21,2.23
9.288,-1.56,-1.11,0.91,2.12
9.298,-1.35,-1.07,0.72,1.87
9.308,-0.98,-0.89,0.69,1.50
9.318,-0.55,-0.56,0.61,0.99
9.328,-0.21,-0.15,0.51,0.57
9.338,0.13,0.27,0.50,0.58
9.348,0.51,0.57,0.46,0.89
9.358,0.74,0.76,0.36,1.12
9.368,0.96,0.84,0.33,1.32
9.378,1.25,0.82,0.47,1.57
9.388,1.64,0.68,0.75,1.93
9.398,2.04,0.51,1.07,2.36
9.408,2.37,0.35,1.41,2.78
9.418,2.63,0.25,1.76,3.18
9.428,2.75,0.32,2.00,3.42
9.438,2.78,0.72,1.70,3.33
9.448,2.99,1.27,0.77,3.34
9.458,3.47,1.52,0.29,3.80
9.468,4.01,1.46,0.10,4.26
9.478,3.95,0.81,-0.62,4.08
9.488,3.33,-0.38,-1.80,3.81
9.498,3.22,-1.49,-2.48,4.33
9.508,3.18,-2.29,-2.83,4.84
9.518,2.47,-2.83,-3.15,4.91
9.528,1.17,-2.99,-3.16,4.51
9.538,-0.41,-2.62,-2.89,3.92
9.548,-1.86,-1.79,-2.57,3.64
9.558,-2.91,-0.71,-2.32,3.78
9.568,-3.45,0.22,-2.43,4.22
9.578,-3.66,0.89,-2.40,4.47
9.589,-3.55,1.36,-2.36,4.48
9.598,-3.14,1.62,-2.31,4.22
9.608,-2.43,1.65,-2.32,3.74
9.618,-1.64,1.49,-2.29,3.19
9.628,-1.00,1.18,-2.14,2.64
9.638,-0.60,0.67,-1.89,2.09
9.648,-0.33,0.18,-1.62,1.66
9.659,-0.05,-0.26,-1.44,1.46
9.668,0.31,-0.62,-1.24,1.42
9.678,0.60,-0.94,-1.14,1.59
9.689,0.65,-1.14,-1.03,1.67
9.698,0.43,-1.16,-0.74,1.45
9.709,-0.01,-1.04,-0.44,1.13
9.719,-0.47,-0.78,-0.07,0.91
9.729,-0.92,-0.36,0.28,1.03
9.739,-1.23,0.02,0.52,1.34
9.749,-1.42,0.40,0.82,1.68
9.759,-1.50,0.68,0.85,1.85
9.769,-1.47,0.86,0.71,1.84
9.779,-1.30,1.05,0.60,1.78
9.789,-1.06,1.13,0.54,1.64
9.799,-0.76,1.01,0.45,1.34
9.809,-0.55,0.63,0.35,0.90
9.819,-0.62,0.27,0.39,0.78
9.829,-0.88,0.08,0.54,1.03
9.839,-1.19,0.02,0.69,1.38
9.849,-1.41,0.05,0.86,1.65
9.859,-1.45,0.08,1.16,1.86
9.869,-1.44,0.16,1.58,2.15
9.879,-1.36,0.35,1.87,2.34
9.889,-1.17,0.56,1.88,2.29
9.899,-1.02,0.73,1.71,2.12
9.909,-0.95,0.86,1.39,1.89
9.919,-0.92,0.94,1.01,1.66
9.929,-0.82,0.94,0.81,1.49
9.939,-0.63,0.87,0.82,1.35
9.949,-0.39,0.76,0.92,1.25
9.959,-0.09,0.60,1.14,1.29
9.969,0.17,0.40,1.37,1.44
9.979,0.41,0.17,1.61,1.67
9.989,0.72,-0.09,1.77,1.91
9.999,1.06,-0.34,1.67,2.01
10.009,1.36,-0.61,1.39,2.04
10.019,1.73,-0.91,1.24,2.32
10.029,2.11,-0.93,1.03,2.52
10.039,2.47,-0.60,0.90,2.69
10.049,2.74,-0.07,1.06,2.94
10.059,2.81,0.59,1.64,3.30
10.069,2.79,1.21,2.56,3.98
10.079,2.83,1.36,3.27,4.53
10.089,2.98,0.92,2.49,3.99
10.099,3.80,0.30,0.65,3.87
10.109,4.85,-0.42,-1.18,5.01
10.119,4.65,-0.93,-3.13,5.69
10.129,3.24,-0.93,-4.77,5.84
10.139,1.66,-0.55,-5.19,5.47
10.149,0.50,0.06,-4.78,4.81
10.159,-0.43,0.72,-3.91,4.00
10.169,-1.76,1.20,-2.90,3.60
10.179,-2.63,1.02,-2.06,3.49
10.189,-2.89,0.12,-1.63,3.32
10.199,-2.86,-0.88,-1.50,3.34
10.209,-2.53,-1.88,-1.62,3.55
10.219,-2.10,-2.61,-1.80,3.81
10.229,-1.79,-2.82,-1.79,3.79
10.239,-1.39,-2.31,-1.54,3.10
10.249,-0.86,-1.37,-1.31,2.08
10.259,-0.16,-0.25,-1.27,1.30
10.269,0.13,0.96,-1.41,1.71
10.279,0.29,2.15,-1.51,2.65
10.289,0.21,2.31,-1.77,2.92
10.299,-0.31,2.47,-1.73,3.03
10.309,-0.90,2.86,-1.61,3.40
10.319,-0.88,2.94,-1.53,3.43
10.329,-0.96,2.47,-1.27,2.94
10.339,-1.24,1.64,-0.87,2.23
10.349,-1.44,0.71,-0.44,1.66
10.359,-1.60,-0.13,-0.02,1.60
10.369,-1.68,-0.76,0.21,1.85
10.379,-1.88,-1.16,0.30,2.23
10.389,-1.99,-1.36,0.53,2.47
10.399,-1.87,-1.46,0.78,2.50
10.409,-1.77,-1.35,1.08,2.47
10.419,-1.48,-1.00,1.34,2.24
10.429,-1.01,-0.62,1.34,1.79
10.439,-0.74,-0.28,1.16,1.40
10.449,-0.72,-0.14,0.96,1.21
10.459,-0.84,-0.29,0.90,1.26
10.469,-1.09,-0.36,0.98,1.51
10.479,-1.25,-0.37,1.08,1.70
10.489,-1.39,-0.46,0.98,1.76
10.499,-1.68,-0.51,1.00,2.02
10.509,-1.88,-0.58,1.18,2.30
10.519,-1.65,-0.57,1.33,2.19
10.529,-1.18,-0.46,1.35,1.85
10.539,-0.75,-0.33,1.25,1.50
10.549,-0.51,-0.18,1.06,1.19
10.559,-0.43,0.05,0.83,0.93
10.569,-0.34,0.30,0.78,0.90
10.579,-0.05,0.50,0.88,1.01
10.589,0.38,0.59,0.96,1.19
10.599,0.82,0.60,0.89,1.35
10.609,1.33,0.47,0.86,1.65
10.619,1.89,0.22,0.97,2.14
10.629,2.33,-0.07,1.13,2.60
10.639,2.62,-0.30,1.44,3.00
10.649,2.76,-0.33,1.98,3.41
10.659,2.73,-0.06,2.48,3.69
10.669,2.54,0.42,2.61,3.66
10.679,2.47,1.20,1.69,3.22
10.690,2.57,1.94,0.48,3.26
10.700,3.11,2.32,0.03,3.88
10.710,3.64,2.34,-0.17,4.33
10.719,3.18,1.45,-1.01,3.64
10.730,2.33,0.12,-1.98,3.06
10.739,2.26,-1.03,-2.37,3.44
10.750,2.20,-2.06,-2.96,4.22
10.759,1.31,-2.83,-3.63,4.78
10.770,0.25,-3.21,-3.72,4.92
10.780,-0.71,-2.89,-3.70,4.75
10.789,-1.61,-1.97,-3.68,4.47
10.799,-2.11,-0.77,-3.67,4.30
10.810,-2.20,0.42,-3.46,4.12
10.820,-2.14,1.37,-3.09,4.00
10.830,-1.87,1.99,-2.76,3.88
10.840,-1.48,2.22,-2.42,3.60
10.850,-1.12,2.11,-2.00,3.12
10.860,-0.91,1.72,-1.63,2.54
10.869,-0.89,1.18,-1.32,1.98
10.880,-0.96,0.52,-1.03,1.50
10.890,-0.87,-0.20,-0.84,1.23
10.900,-0.66,-0.88,-0.81,1.36
10.909,-0.34,-1.53,-0.88,1.80
10.920,-0.01,-2.05,-0.94,2.25
10.930,0.08,-2.36,-0.86,2.51
10.940,-0.12,-2.40,-0.67,2.49
10.950,-0.33,-2.15,-0.35,2.21
10.960,-0.50,-1.64,-0.07,1.72
10.970,-0.75,-0.97,0.15,1.23
10.980,-0.99,-0.29,0.35,1.09
10.990,-1.27,0.35,0.45,1.40
11.000,-1.42,0.84,0.49,1.73
11.010,-1.35,1.28,0.44,1.91
11.020,-1.18,1.85,0.39,2.23
11.030,-0.81,1.95,0.23,2.13
11.040,-0.66,1.71,0.06,1.84
11.050,-0.73,1.41,-0.04,1.59
11.060,-0.78,1.04,-0.09,1.31
11.070,-0.89,0.67,-0.02,1.11
11.080,-1.13,0.38,0.25,1.21
11.090,-1.25,0.21,0.53,1.37
11.100,-1.20,0.22,0.67,1.39
11.110,-1.21,0.36,0.78,1.48
11.120,-1.17,0.50,0.90,1.56
11.130,-0.99,0.68,1.01,1.57
11.140,-0.80,0.87,1.07,1.59
11.150,-0.78,1.02,1.07,1.67
11.160,-0.84,1.06,1.13,1.77
11.170,-0.66,1.00,1.24,1.73
11.180,-0.22,0.85,1.32,1.58
11.190,0.20,0.51,1.34,1.45
11.200,0.53,0.09,1.32,1.43
11.210,0.65,-0.26,1.28,1.46
11.220,0.53,-0.46,1.30,1.47
11.230,0.45,-0.50,1.42,1.57
11.240,0.77,-0.58,1.44,1.73
11.250,1.30,-0.56,1.36,1.97
11.260,1.56,-0.29,1.27,2.03
11.270,1.79,-0.13,1.29,2.21
11.280,1.97,0.17,1.49,2.47
11.290,1.74,0.56,1.87,2.62
11.300,1.60,0.78,2.60,3.15
11.310,1.81,0.53,2.49,3.12
11.320,2.46,-0.12,0.71,2.56
11.330,3.96,-0.75,-1.23,4.21
11.340,5.09,-0.99,-2.37,5.70
11.350,4.37,-0.75,-2.98,5.34
11.360,2.60,-0.03,-3.27,4.18
11.370,1.23,0.96,-3.13,3.50
11.380,0.58,1.71,-2.94,3.45
11.390,0.01,2.13,-2.67,3.42
11.400,-0.81,1.96,-2.41,3.21
11.410,-1.71,1.14,-2.29,3.08
11.420,-2.57,0.09,-2.17,3.36
11.430,-2.82,-1.00,-2.09,3.65
11.440,-2.46,-2.17,-2.18,3.94
11.450,-2.10,-3.07,-2.32,4.38
11.460,-1.90,-3.48,-2.31,4.59
11.470,-1.47,-3.36,-2.00,4.17
11.480,-0.86,-2.38,-1.57,2.98
11.490,-0.69,-1.04,-1.24,1.76
11.500,-0.16,-0.11,-1.24,1.26
11.510,0.13,0.67,-1.29,1.46
11.520,0.12,1.48,-1.24,1.94
11.530,-0.10,2.11,-1.15,2.41
11.540,-0.34,2.41,-1.10,2.67
11.550,-0.68,2.50,-1.14,2.83
11.560,-0.93,2.30,-1.14,2.73
11.570,-1.13,1.87,-0.98,2.40
11.580,-1.26,1.39,-0.70,2.00
11.590,-1.19,0.89,-0.29,1.51
11.600,-0.90,0.37,0.04,0.97
11.610,-0.71,-0.21,0.29,0.79
11.620,-0.55,-0.68,0.48,1.00
11.630,-0.43,-0.95,0.65,1.23
11.640,-0.42,-0.98,0.81,1.34
11.650,-0.50,-0.87,0.80,1.29
11.660,-0.67,-0.66,0.64,1.13
11.670,-0.94,-0.43,0.45,1.13
11.680,-1.26,-0.22,0.39,1.34
11.690,-1.61,-0.09,0.51,1.70
11.700,-1.73,-0.12,0.55,1.82
11.710,-1.57,-0.28,0.52,1.67
11.720,-1.68,-0.48,0.53,1.83
11.730,-1.45,-0.54,0.77,1.73
11.740,-1.18,-0.51,0.99,1.62
11.750,-1.15,-0.54,1.15,1.71
11.760,-1.10,-0.57,1.18,1.71
11.770,-1.14,-0.51,1.09,1.66
11.780,-1.11,-0.44,1.03,1.58
11.790,-0.91,-0.40,1.04,1.44
11.800,-0.57,-0.30,1.04,1.23
11.810,-0.24,-0.08,1.04,1.07
11.820,0.03,0.15,1.12,1.13
11.830,0.28,0.33,1.29,1.36
11.840,0.44,0.43,1.39,1.52
11.850,0.54,0.42,1.31,1.47
11.861,0.73,0.31,1.20,1.44
11.870,1.04,0.18,1.19,1.59
11.880,1.36,0.07,1.21,1.82
11.891,1.60,0.00,1.29,2.06
11.901,1.77,-0.01,1.46,2.29
11.910,1.87,0.03,1.74,2.56
11.921,1.86,0.26,1.93,2.70
11.931,1.94,0.73,1.67,2.66
11.941,2.20,1.33,0.66,2.66
11.951,2.69,1.67,-0.05,3.16
11.961,3.34,1.88,-0.14,3.83
11.971,3.31,1.71,-0.27,3.74
11.981,2.63,0.91,-0.87,2.92
11.991,2.49,-0.04,-1.40,2.85
12.001,2.79,-0.84,-1.81,3.43
12.011,2.53,-1.74,-2.45,3.92
12.021,1.62,-2.55,-2.99,4.25
12.031,0.56,-2.78,-3.23,4.30
12.041,-0.43,-2.41,-3.16,4.00
12.051,-1.21,-1.71,-3.03,3.68
12.061,-1.72,-0.87,-2.92,3.50
12.071,-2.07,-0.03,-2.79,3.48
12.081,-2.34,0.71,-2.50,3.50
12.091,-2.48,1.22,-2.19,3.53
12.101,-2.32,1.51,-1.89,3.35
12.111,-1.91,1.58,-1.68,2.99
12.121,-1.48,1.39,-1.55,2.55
12.131,-1.20,0.94,-1.44,2.10
12.141,-1.00,0.34,-1.38,1.74
12.151,-0.74,-0.25,-1.46,1.66
12.161,-0.43,-0.85,-1.47,1.75
12.171,0.08,-1.36,-1.42,1.97
12.181,0.47,-1.75,-1.32,2.24
12.191,0.56,-1.91,-1.12,2.28
12.201,0.34,-1.74,-0.83,1.96
12.211,-0.08,-1.29,-0.50,1.39
12.221,-0.48,-0.70,-0.05,0.85
12.231,-0.86,-0.10,0.40,0.95
12.241,-1.46,0.54,0.84,1.77
12.251,-1.75,1.00,1.03,2.27
12.261,-1.74,1.39,0.95,2.42
12.271,-1.61,1.44,0.75,2.28
12.281,-1.41,1.52,0.70,2.19
12.291,-1.00,1.63,0.65,2.02
12.301,-0.41,1.31,0.34,1.41
12.311,-0.31,0.79,0.22,0.88
12.321,-0.48,0.31,0.34,0.66
12.331,-0.59,-0.03,0.50,0.78
12.341,-0.75,-0.20,0.69,1.04
12.351,-1.03,-0.24,0.96,1.43
12.361,-1.26,-0.13,1.23,1.77
12.371,-1.45,0.08,1.37,1.99
12.381,-1.62,0.35,1.41,2.17
12.391,-1.66,0.63,1.34,2.23
12.401,-1.52,0.89,1.23,2.15
12.411,-1.24,1.08,1.10,1.98
12.421,-0.91,1.13,1.04,1.79
12.431,-0.55,1.04,1.10,1.61
12.441,-0.14,0.80,1.21,1.45
12.451,0.29,0.54,1.37,1.50
12.461,0.67,0.30,1.48,1.65
12.471,0.80,0.12,1.50,1.70
12.481,1.01,-0.05,1.58,1.88
12.491,1.34,-0.26,1.66,2.15
12.501,1.57,-0.46,1.66,2.33
12.511,1.75,-0.62,1.52,2.40
12.521,2.02,-0.62,1.27,2.47
12.531,2.29,-0.38,1.00,2.53
12.541,2.43,-0.01,0.89,2.59
12.551,2.35,0.48,1.07,2.63
12.561,2.24,1.02,1.62,2.95
12.571,2.16,1.26,2.38,3.46
12.581,2.03,0.95,1.99,3.00
12.591,2.64,0.32,0.54,2.72
12.601,3.87,-0.28,-0.82,3.96
12.611,4.38,-0.71,-1.91,4.83
12.621,3.74,-0.82,-3.06,4.91
12.631,2.45,-0.54,-3.90,4.64
12.641,1.15,0.05,-4.18,4.34
12.651,0.22,0.67,-3.98,4.04
12.661,-0.99,1.08,-3.49,3.79
12.671,-2.05,1.10,-3.02,3.82
12.681,-2.84,0.54,-2.61,3.89
12.691,-3.18,-0.16,-2.19,3.87
12.701,-3.03,-1.10,-1.97,3.78
12.711,-2.63,-2.01,-1.77,3.76
12.721,-2.27,-2.64,-1.58,3.82
12.731,-1.83,-2.96,-1.32,3.73
12.741,-1.24,-2.55,-1.10,3.04
12.751,-0.91,-1.60,-0.88,2.04
12.761,-0.26,-0.54,-0.85,1.04
12.771,0.18,0.27,-0.98,1.03
12.781,0.30,1.16,-1.05,1.59
12.791,0.13,1.93,-1.08,2.22
12.801,-0.05,2.44,-1.22,2.73
12.811,-0.38,2.62,-1.38,2.99
12.821,-0.69,2.52,-1.28,2.91
12.831,-0.74,2.18,-0.93,2.49
12.841,-0.73,1.58,-0.63,1.85
12.851,-0.78,0.78,-0.45,1.19
12.861,-0.76,0.05,-0.19,0.78
12.871,-0.71,-0.53,-0.14,0.90
12.881,-0.82,-0.91,-0.25,1.25
12.891,-0.95,-1.17,-0.10,1.51
12.901,-1.06,-1.27,0.43,1.71
12.911,-1.10,-1.23,0.86,1.86
12.921,-1.10,-0.99,1.02,1.80
12.932,-1.16,-0.66,1.16,1.77
12.941,-1.47,-0.39,1.39,2.06
12.951,-1.80,-0.30,1.55,2.39
12.961,-1.86,-0.38,1.64,2.50
12.971,-1.74,-0.45,1.65,2.44
12.981,-1.69,-0.56,1.55,2.37
12.991,-1.73,-0.73,1.35,2.31
13.001,-1.82,-0.91,1.12,2.32
13.011,-1.75,-1.05,0.95,2.25
13.022,-1.42,-1.12,0.82,1.98
13.032,-1.06,-1.04,0.72,1.65
13.042,-0.85,-0.85,0.67,1.38
13.052,-0.62,-0.60,0.74,1.13
13.061,-0.37,-0.36,0.85,0.99
13.072,-0.04,-0.09,0.94,0.94
13.082,0.33,0.17,0.88,0.95
13.092,0.62,0.36,0.71,1.01
13.102,0.81,0.52,0.61,1.13
13.112,1.09,0.58,0.62,1.38
13.122,1.45,0.58,0.81,1.76
13.132,1.85,0.49,1.10,2.21
13.142,2.36,0.26,1.35,2.73
13.152,2.71,-0.07,1.61,3.15
13.162,2.78,-0.35,2.01,3.45
13.172,2.65,-0.37,2.43,3.61
13.182,2.58,0.05,2.29,3.45
13.192,2.69,0.83,1.18,3.06
13.202,3.12,1.49,0.02,3.46
13.212,3.67,1.96,-0.49,4.19
13.222,3.66,1.96,-0.96,4.26
13.232,3.00,1.23,-2.11,3.87
13.242,2.59,0.22,-2.95,3.93
13.252,2.53,-0.84,-3.23,4.19
13.262,1.78,-1.86,-3.61,4.44
13.272,0.60,-2.62,-3.96,4.78
13.282,-0.65,-2.73,-3.97,4.86
13.292,-1.90,-2.18,-3.84,4.80
13.302,-2.92,-1.21,-3.54,4.75
13.312,-3.42,-0.13,-2.99,4.54
13.322,-3.40,0.83,-2.39,4.24
13.332,-3.01,1.56,-1.97,3.92
13.342,-2.45,1.96,-1.66,3.55
13.352,-1.72,1.99,-1.50,3.02
13.362,-1.04,1.74,-1.32,2.42
13.372,-0.56,1.29,-1.08,1.78
13.382,-0.31,0.69,-0.96,1.22
13.392,-0.12,0.05,-0.94,0.95
13.402,0.03,-0.57,-1.00,1.16
13.412,0.12,-1.08,-1.05,1.51
13.422,0.12,-1.43,-0.99,1.75
13.432,-0.06,-1.54,-0.77,1.72
13.442,-0.30,-1.43,-0.45,1.53
13.452,-0.52,-1.22,-0.04,1.33
13.462,-0.73,-0.95,0.40,1.27
13.472,-0.96,-0.60,0.75,1.36
13.482,-1.07,-0.24,0.91,1.43
13.492,-1.15,0.13,0.92,1.47
13.502,-1.17,0.42,0.78,1.47
13.512,-1.16,0.69,0.46,1.43
13.522,-1.30,1.06,0.18,1.69
13.532,-0.99,1.31,-0.16,1.65
13.542,-0.67,1.22,-0.32,1.43
13.552,-0.63,1.01,-0.13,1.20
13.562,-0.59,0.80,0.26,1.03
13.572,-0.60,0.71,0.57,1.10
13.582,-0.87,0.63,0.80,1.34
13.592,-1.21,0.54,1.03,1.68
13.602,-1.48,0.42,1.24,1.98
13.612,-1.59,0.36,1.33,2.10
13.622,-1.59,0.39,1.38,2.15
13.632,-1.50,0.48,1.36,2.08
13.642,-1.36,0.57,1.25,1.93
13.652,-1.13,0.71,1.01,1.67
13.662,-0.85,0.78,0.82,1.42
13.672,-0.42,0.77,0.83,1.21
13.682,0.17,0.68,0.89,1.13
13.692,0.76,0.51,0.95,1.32
13.702,1.18,0.34,1.13,1.67
13.712,1.29,0.16,1.41,1.91
13.722,1.14,0.02,1.66,2.01
13.732,1.13,-0.14,1.77,2.10
13.742,1.25,-0.51,1.78,2.23
13.752,1.45,-0.86,1.66,2.37
13.762,1.69,-0.93,1.47,2.43
13.772,1.94,-0.79,1.33,2.48
13.782,2.08,-0.46,1.39,2.54
13.792,2.07,0.05,1.83,2.76
13.802,2.07,0.57,2.59,3.36
13.812,2.17,0.75,2.84,3.65
13.822,2.45,0.44,1.66,2.99
13.832,3.64,-0.02,0.06,3.64
13.842,4.71,-0.30,-1.35,4.91
13.852,4.28,-0.28,-2.98,5.22
13.862,2.94,0.13,-4.33,5.24
13.872,1.51,0.76,-4.64,4.94
13.882,0.55,1.41,-4.15,4.42
13.892,-0.63,1.96,-3.35,3.94
13.902,-1.89,1.97,-2.53,3.72
13.912,-2.81,1.27,-1.96,3.66
13.922,-3.26,0.35,-1.55,3.63
13.932,-3.09,-0.75,-1.49,3.51
13.942,-2.50,-1.85,-1.56,3.48
13.952,-1.95,-2.76,-1.60,3.73
13.962,-1.40,-3.29,-1.52,3.89
13.972,-0.96,-2.97,-1.41,3.43
13.982,-0.36,-2.09,-1.22,2.45
13.992,0.41,-1.05,-1.19,1.64
14.002,0.63,0.15,-1.28,1.43
14.013,0.56,1.21,-1.35,1.90
14.022,0.41,1.88,-1.35,2.35
14.033,0.12,2.34,-1.28,2.67
14.042,-0.26,2.52,-1.24,2.82
14.052,-0.70,2.41,-1.24,2.80
14.062,-1.22,2.04,-1.07,2.61
14.073,-1.52,1.52,-0.78,2.29
14.082,-1.64,0.96,-0.45,1.95
14.093,-1.60,0.48,-0.08,1.68
14.103,-1.39,0.03,0.02,1.39
14.113,-1.25,-0.52,-0.10,1.35
14.122,-1.12,-1.02,-0.12,1.52
14.133,-0.97,-1.35,0.09,1.66
14.142,-0.94,-1.44,0.40,1.77
14.153,-0.94,-1.30,0.60,1.71
14.163,-1.11,-0.99,0.71,1.65
14.173,-1.39,-0.68,0.86,1.77
14.183,-1.64,-0.38,1.03,1.97
14.192,-1.73,-0.22,1.19,2.11
14.203,-1.78,-0.17,1.31,2.22
14.213,-1.79,-0.12,1.30,2.22
14.223,-2.03,-0.16,1.27,2.40
14.233,-1.87,-0.49,1.19,2.27
14.242,-1.50,-0.85,1.06,2.02
14.253,-1.26,-1.20,1.10,2.06
14.263,-0.77,-1.23,1.25,1.92
14.273,-0.29,-0.94,1.26,1.60
14.283,-0.22,-0.80,0.99,1.29
14.293,0.04,-0.53,0.74,0.92
14.303,0.20,-0.34,0.57,0.69
14.313,0.53,-0.13,0.60,0.81
14.323,0.91,0.14,0.65,1.13
14.333,0.99,0.37,0.64,1.24
14.343,0.95,0.49,0.62,1.24
14.353,1.03,0.52,0.68,1.34
14.363,1.23,0.49,0.83,1.57
14.373,1.52,0.30,0.98,1.84
14.383,1.83,-0.03,1.20,2.19
14.393,2.07,-0.37,1.67,2.69
14.403,2.18,-0.67,2.31,3.25
14.413,2.08,-0.72,2.78,3.55
14.423,2.00,-0.25,2.58,3.28
14.433,2.28,0.61,1.41,2.76
14.443,3.13,1.25,0.00,3.37
14.453,4.21,1.61,-1.19,4.67
14.463,4.60,1.31,-2.18,5.26
14.473,3.70,0.37,-3.37,5.02
14.483,2.48,-0.85,-4.17,4.93
14.493,1.59,-1.81,-4.25,4.89
14.503,0.62,-2.35,-4.02,4.70
14.513,-0.51,-2.39,-3.91,4.61
14.523,-1.82,-1.90,-3.75,4.58
14.533,-2.87,-0.94,-3.36,4.51
14.543,-3.25,0.20,-2.98,4.41
14.553,-2.86,1.20,-2.63,4.06
14.563,-2.04,1.91,-2.41,3.69
14.573,-1.21,2.24,-2.18,3.35
14.583,-0.66,2.13,-2.00,3.00
14.593,-0.28,1.73,-1.80,2.51
14.603,0.03,1.17,-1.51,1.91
14.613,0.26,0.51,-1.15,1.29
14.623,0.39,-0.19,-0.86,0.96
14.633,0.31,-0.89,-0.83,1.26
14.643,0.11,-1.49,-0.90,1.75
14.653,-0.18,-1.92,-0.93,2.14
14.663,-0.54,-2.06,-0.92,2.33
14.673,-0.84,-2.00,-0.83,2.33
14.683,-1.14,-1.73,-0.51,2.13
14.693,-1.38,-1.27,-0.19,1.89
14.703,-1.60,-0.66,-0.02,1.73
14.713,-1.69,-0.03,0.03,1.69
14.723,-1.68,0.49,0.02,1.75
14.733,-1.53,0.94,0.02,1.79
14.743,-1.21,1.30,-0.01,1.78
14.753,-0.75,1.43,-0.18,1.63
14.763,-0.37,1.37,-0.28,1.45
14.773,-0.23,1.20,-0.22,1.24
14.783,-0.20,1.04,-0.08,1.07
14.793,-0.24,0.92,0.09,0.95
14.803,-0.48,0.80,0.24,0.97
14.813,-0.86,0.73,0.40,1.20
14.823,-1.23,0.74,0.57,1.54
14.833,-1.48,0.78,0.79,1.85
14.843,-1.59,0.83,1.11,2.11
14.853,-1.48,0.89,1.43,2.24
14.863,-1.29,0.95,1.53,2.21
14.873,-1.15,0.94,1.40,2.04
14.883,-1.13,0.84,1.11,1.80
14.893,-1.14,0.72,0.91,1.63
14.903,-0.96,0.51,0.85,1.39
14.913,-0.72,0.26,0.79,1.10
14.923,-0.46,0.03,0.65,0.80
14.933,-0.17,-0.16,0.64,0.68
14.943,0.20,-0.32,0.77,0.85
14.953,0.58,-0.44,1.11,1.33
14.963,0.75,-0.55,1.45,1.72
14.973,0.81,-0.63,1.62,1.92
14.983,0.88,-0.66,1.64,1.98
14.993,0.96,-0.63,1.54,1.93
15.003,1.03,-0.55,1.40,1.83
15.013,1.10,-0.29,1.32,1.74
15.023,1.25,0.08,1.34,1.84
15.033,1.39,0.55,1.62,2.21
15.043,1.57,0.97,2.12,2.81
15.053,1.84,0.98,1.93,2.84
15.063,2.65,0.69,0.43,2.77
15.073,4.22,0.30,-1.11,4.37
15.083,5.49,0.03,-2.27,5.94
15.093,5.31,-0.07,-3.15,6.17
15.103,3.88,0.22,-3.53,5.25
15.113,2.63,0.81,-3.35,4.33
15.123,1.62,1.55,-2.84,3.62
15.134,0.56,1.84,-2.37,3.05
15.143,-0.61,1.54,-2.13,2.70
15.153,-1.82,0.86,-1.84,2.73
15.163,-2.73,0.13,-1.50,3.12
15.173,-3.13,-0.72,-1.29,3.46
15.183,-3.22,-1.57,-1.31,3.82
15.194,-3.12,-2.28,-1.53,4.15
15.203,-2.77,-2.69,-1.63,4.19
15.214,-2.11,-2.65,-1.57,3.74
15.224,-1.31,-2.21,-1.42,2.93
15.234,-0.64,-1.55,-1.34,2.14
15.243,-0.06,-0.78,-1.36,1.57
15.253,0.35,0.05,-1.44,1.49
15.264,0.56,0.80,-1.57,1.85
15.274,0.61,1.38,-1.66,2.24
15.284,0.49,1.80,-1.74,2.55
15.294,0.28,1.88,-1.78,2.61
15.303,0.01,1.84,-1.69,2.50
15.314,-0.41,1.54,-1.40,2.12
15.324,-0.85,1.06,-1.04,1.72
15.334,-1.18,0.63,-0.62,1.47
15.344,-1.36,0.26,-0.11,1.39
15.354,-1.50,-0.07,0.35,1.54
15.364,-1.44,-0.37,0.55,1.58
15.374,-1.25,-0.60,0.63,1.52
15.384,-1.03,-0.70,0.70,1.43
15.394,-0.88,-0.74,0.66,1.33
15.404,-0.73,-0.73,0.62,1.20
15.414,-0.63,-0.69,0.55,1.08
15.424,-0.72,-0.65,0.46,1.07
15.434,-0.79,-0.60,0.45,1.10
15.444,-0.97,-0.50,0.57,1.23
15.454,-1.15,-0.36,0.81,1.45
15.464,-1.33,-0.34,0.97,1.68
15.474,-1.54,-0.40,1.05,1.91
15.484,-1.57,-0.52,1.12,2.00
15.494,-1.50,-0.67,1.24,2.06
15.504,-1.33,-0.81,1.31,2.03
15.514,-1.10,-0.97,1.30,1.96
15.524,-0.87,-0.95,1.27,1.81
15.534,-0.60,-0.84,1.30,1.66
15.544,-0.33,-0.63,1.37,1.55
15.554,-0.23,-0.38,1.33,1.41
15.564,-0.35,-0.14,1.31,1.36
15.574,-0.36,0.06,1.37,1.42
15.584,-0.16,0.13,1.44,1.45
15.594,0.20,0.22,1.55,1.58
15.604,0.50,0.34,1.61,1.72
15.614,0.74,0.50,1.52,1.76
15.624,1.01,0.58,1.36,1.79
15.634,1.30,0.51,1.16,1.82
15.644,1.65,0.27,0.89,1.90
15.654,1.99,0.01,0.71,2.12
15.664,2.26,-0.21,0.83,2.42
15.674,2.53,-0.27,1.12,2.78
15.684,2.89,0.12,1.05,3.08
15.694,3.35,0.76,0.32,3.45
15.704,3.70,1.24,-0.31,3.92
15.714,3.98,1.35,-0.67,4.26
15.724,3.98,1.01,-1.16,4.26
15.734,3.23,0.23,-1.79,3.70
15.744,2.51,-0.59,-2.17,3.37
15.754,1.96,-1.36,-2.28,3.30
15.764,1.23,-2.09,-2.32,3.36
15.774,0.21,-2.53,-2.38,3.48
15.784,-0.97,-2.37,-2.31,3.45
15.794,-2.09,-1.70,-2.22,3.49
15.804,-2.96,-0.85,-2.23,3.80
15.814,-3.55,-0.05,-2.34,4.25
15.824,-3.64,0.53,-2.51,4.45
15.834,-3.30,0.89,-2.59,4.29
15.844,-2.75,1.05,-2.44,3.82
15.854,-1.99,0.98,-2.24,3.15
15.864,-1.23,0.74,-1.96,2.43
15.874,-0.62,0.45,-1.64,1.81
15.884,-0.19,0.05,-1.38,1.39
15.894,0.09,-0.38,-1.14,1.21
15.904,0.28,-0.74,-1.10,1.36
15.914,0.45,-1.01,-1.23,1.65
15.924,0.56,-1.21,-1.29,1.85
15.934,0.52,-1.30,-1.14,1.81
15.944,0.27,-1.26,-0.79,1.51
15.954,-0.15,-1.07,-0.42,1.16
15.964,-0.57,-0.71,-0.03,0.91
15.974,-1.05,-0.31,0.43,1.17
15.984,-1.33,0.13,0.76,1.54
15.994,-1.46,0.52,0.94,1.81
16.004,-1.35,0.76,0.93,1.81
16.014,-0.96,0.85,0.81,1.52
16.024,-0.75,0.95,0.72,1.41
16.034,-0.45,1.05,0.63,1.30
16.044,-0.09,0.94,0.52,1.08
16.054,-0.12,0.73,0.42,0.85
16.064,-0.36,0.43,0.40,0.69
16.074,-0.52,0.18,0.42,0.69
16.084,-0.76,0.00,0.56,0.95
16.094,-1.09,-0.13,0.86,1.39
16.104,-1.31,-0.07,1.25,1.81
16.114,-1.37,0.10,1.47,2.02
16.124,-1.42,0.35,1.50,2.09
16.134,-1.39,0.58,1.45,2.09
16.144,-1.26,0.82,1.46,2.09
16.154,-1.06,0.98,1.46,2.06
16.164,-0.94,1.03,1.27,1.89
16.174,-0.85,0.95,0.91,1.57
16.184,-0.72,0.75,0.54,1.17
16.194,-0.37,0.45,0.40,0.70
16.204,0.14,0.19,0.51,0.57
16.214,0.55,0.05,0.72,0.91
16.224,0.73,-0.00,0.96,1.21
16.234,0.66,0.05,1.14,1.32
16.244,0.72,0.09,1.25,1.44
16.254,0.99,-0.03,1.37,1.68
16.264,1.32,-0.26,1.40,1.94
16.274,1.50,-0.43,1.30,2.03
16.284,1.63,-0.46,1.17,2.06
16.295,1.64,-0.36,1.18,2.05
16.304,1.66,-0.14,1.48,2.22
16.315,1.63,0.16,2.11,2.67
16.324,1.60,0.34,2.91,3.34
16.335,1.66,0.14,2.83,3.29
16.345,2.23,-0.21,1.04,2.47
16.354,3.26,-0.39,-1.01,3.44
16.364,3.71,-0.41,-2.49,4.48
16.374,3.27,-0.24,-3.81,5.02
16.384,2.15,0.13,-4.55,5.04
16.394,1.11,0.66,-4.54,4.72
16.404,0.39,1.34,-4.02,4.26
16.415,-0.55,1.71,-3.18,3.65
16.425,-1.71,1.33,-2.44,3.26
16.435,-2.53,0.50,-1.93,3.22
16.445,-2.51,-0.55,-1.76,3.12
16.455,-1.82,-1.79,-1.77,3.10
16.465,-1.24,-2.81,-1.82,3.57
16.475,-0.98,-3.33,-1.74,3.88
16.485,-0.69,-3.16,-1.46,3.55
16.495,-0.35,-2.28,-1.10,2.56
16.505,-0.13,-0.98,-0.86,1.31
16.515,0.02,0.36,-0.73,0.81
16.525,0.15,1.51,-0.79,1.71
16.535,0.19,2.37,-0.92,2.55
16.545,-0.01,2.98,-1.24,3.23
16.555,-0.48,3.27,-1.55,3.65
16.565,-1.03,3.21,-1.62,3.74
16.575,-1.45,2.78,-1.53,3.49
16.585,-1.62,2.09,-1.26,2.93
16.595,-1.67,1.25,-0.86,2.26
16.605,-1.56,0.46,-0.49,1.70
16.615,-1.39,-0.27,-0.36,1.46
16.625,-1.24,-0.89,-0.26,1.54
16.635,-1.12,-1.34,-0.10,1.75
16.645,-1.06,-1.57,0.12,1.89
16.655,-1.07,-1.56,0.40,1.94
16.665,-1.02,-1.40,0.65,1.85
16.675,-0.78,-1.16,0.81,1.61
16.685,-0.59,-0.96,0.94,1.47
16.695,-0.53,-0.79,1.02,1.39
16.705,-0.68,-0.66,1.07,1.42
16.715,-0.98,-0.56,1.10,1.57
16.725,-1.30,-0.51,1.10,1.78
16.735,-1.47,-0.50,1.13,1.92
16.745,-1.63,-0.52,1.15,2.06
16.755,-1.77,-0.55,1.03,2.12
16.765,-1.73,-0.50,0.81,1.97
16.775,-1.43,-0.39,0.71,1.65
16.785,-0.97,-0.24,0.72,1.24
16.795,-0.54,-0.04,0.69,0.88
16.805,-0.36,0.18,0.57,0.70
16.815,-0.22,0.37,0.57,0.71
16.825,-0.04,0.49,0.70,0.86
16.835,0.13,0.53,0.85,1.01
16.845,0.21,0.47,1.03,1.15
16.855,0.32,0.39,1.11,1.22
16.865,0.53,0.29,1.13,1.29
16.875,0.86,0.12,1.22,1.50
16.885,1.23,-0.08,1.28,1.78
16.895,1.53,-0.21,1.24,1.98
16.905,1.69,-0.22,1.30,2.14
16.915,1.73,-0.06,1.55,2.32
16.925,1.74,0.33,1.73,2.47
16.935,1.82,1.05,1.15,2.39
16.945,2.07,1.72,-0.04,2.70
16.955,2.77,2.01,-0.85,3.52
16.965,3.90,2.14,-0.99,4.56
16.975,4.29,1.64,-1.01,4.70
16.985,3.65,0.40,-1.51,3.97
16.995,3.39,-0.95,-1.83,3.96
17.005,3.15,-1.99,-2.02,4.24
17.015,2.35,-2.82,-2.46,4.42
17.025,1.08,-3.44,-2.86,4.60
17.035,-0.35,-3.34,-3.05,4.54
17.045,-1.45,-2.70,-2.78,4.13
17.055,-2.04,-1.69,-2.46,3.62
17.065,-2.28,-0.53,-2.35,3.32
17.075,-2.42,0.61,-2.42,3.47
17.085,-2.45,1.57,-2.39,3.77
17.095,-2.34,2.21,-2.41,4.02
17.105,-1.99,2.48,-2.48,4.03
17.115,-1.47,2.40,-2.54,3.79
17.125,-1.07,2.04,-2.42,3.34
17.135,-0.85,1.50,-2.01,2.65
17.145,-0.73,0.90,-1.55,1.94
17.155,-0.52,0.30,-1.19,1.33
17.165,-0.18,-0.30,-0.94,1.00
17.175,0.16,-0.86,-0.85,1.22
17.185,0.33,-1.30,-0.73,1.53
17.195,0.23,-1.50,-0.42,1.58
17.205,-0.07,-1.52,-0.14,1.53
17.215,-0.61,-1.22,0.11,1.37
17.225,-1.03,-0.72,0.45,1.33
17.235,-1.15,-0.18,0.73,1.38
17.245,-1.19,0.34,0.95,1.57
17.255,-1.25,0.78,0.98,1.77
17.265,-1.25,1.00,0.64,1.73
17.275,-1.08,1.19,0.17,1.62
17.285,-0.72,1.41,-0.10,1.58
17.296,-0.17,1.22,-0.14,1.24
17.305,-0.09,0.82,-0.02,0.82
17.316,-0.45,0.48,0.24,0.70
17.325,-0.74,0.24,0.44,0.89
17.335,-1.06,0.10,0.44,1.16
17.345,-1.36,0.00,0.55,1.47
17.355,-1.47,-0.03,0.82,1.68
17.365,-1.40,0.07,1.13,1.80
17.375,-1.30,0.29,1.33,1.88
17.385,-1.27,0.48,1.38,1.94
17.395,-1.17,0.59,1.26,1.82
17.405,-0.93,0.60,1.06,1.54
17.415,-0.73,0.59,0.96,1.34
17.425,-0.74,0.53,0.94,1.31
17.436,-0.86,0.51,0.92,1.36
17.446,-0.83,0.51,1.03,1.42
17.455,-0.54,0.51,1.26,1.47
17.466,-0.19,0.49,1.44,1.53
17.475,0.18,0.47,1.59,1.67
17.485,0.64,0.43,1.75,1.91
17.496,1.10,0.38,1.69,2.05
17.505,1.36,0.26,1.46,2.01
17.516,1.55,0.14,1.21,1.97
17.526,1.77,0.07,0.99,2.03
17.536,2.00,0.06,0.93,2.21
17.546,1.97,0.18,1.04,2.23
17.556,1.80,0.35,1.50,2.37
17.565,1.74,0.38,2.26,2.88
17.576,1.80,0.06,2.31,2.93
17.586,2.39,-0.51,0.88,2.59
17.596,3.75,-1.02,-0.97,4.00
17.606,4.77,-1.25,-2.39,5.48
17.616,4.49,-1.13,-3.30,5.68
17.626,3.20,-0.52,-3.54,4.80
17.636,1.91,0.42,-3.28,3.82
17.646,1.09,1.50,-2.88,3.43
17.656,0.18,2.19,-2.50,3.33
17.666,-0.85,2.17,-2.19,3.20
17.676,-1.92,1.59,-1.73,3.03
17.686,-2.74,0.78,-1.53,3.23
17.696,-3.10,-0.31,-1.58,3.50
17.706,-3.04,-1.53,-1.63,3.77
17.716,-2.60,-2.57,-1.66,4.02
17.726,-2.21,-2.95,-1.63,4.03
17.736,-1.63,-2.95,-1.50,3.69
17.746,-0.84,-2.55,-1.35,3.01
17.756,-0.22,-1.61,-1.26,2.05
17.766,0.32,-0.45,-1.26,1.37
17.776,0.77,0.61,-1.35,1.66
17.786,0.82,1.49,-1.45,2.24
17.796,0.54,2.13,-1.48,2.65
17.806,0.13,2.40,-1.49,2.83
17.816,-0.27,2.19,-1.45,2.64
17.826,-0.64,1.74,-1.34,2.29
17.836,-1.11,1.27,-1.06,1.99
17.846,-1.51,0.80,-0.60,1.82
17.856,-1.75,0.38,-0.14,1.80
17.866,-1.83,0.02,0.22,1.85
17.876,-1.69,-0.37,0.45,1.79
17.886,-1.26,-0.72,0.65,1.59
17.896,-0.85,-0.85,0.76,1.42
17.906,-0.64,-0.81,0.65,1.21
17.916,-0.51,-0.72,0.47,1.00
17.926,-0.42,-0.61,0.33,0.81
17.936,-0.37,-0.52,0.30,0.70
17.946,-0.55,-0.43,0.28,0.75
17.956,-0.92,-0.40,0.19,1.02
17.966,-1.20,-0.45,0.24,1.31
17.976,-1.45,-0.53,0.40,1.59
17.986,-1.69,-0.61,0.66,1.91
17.996,-1.87,-0.65,0.93,2.18
18.006,-1.93,-0.60,1.12,2.31
18.016,-1.83,-0.50,1.30,2.30
18.026,-1.49,-0.39,1.50,2.15
18.036,-1.08,-0.27,1.61,1.95
18.046,-0.83,-0.11,1.41,1.64
18.056,-0.83,-0.04,1.02,1.32
18.066,-0.78,-0.02,0.75,1.08
18.076,-0.51,-0.04,0.75,0.91
18.086,-0.16,-0.06,0.87,0.89
18.096,0.08,-0.04,0.98,0.98
18.106,0.36,0.03,1.02,1.08
18.116,0.71,0.12,1.00,1.24
18.126,1.04,0.23,0.93,1.41
18.136,1.22,0.35,0.79,1.49
18.146,1.21,0.50,0.69,1.48
18.156,1.26,0.59,0.66,1.54
18.166,1.39,0.50,0.78,1.67
18.176,1.58,0.29,0.97,1.88
18.186,1.71,0.07,1.24,2.11
18.196,1.89,0.08,1.41,2.35
18.206,2.23,0.40,1.13,2.53
18.216,2.69,0.85,0.38,2.84
18.226,3.37,1.13,-0.15,3.56
18.236,4.11,1.33,-0.57,4.36
18.246,4.01,1.06,-1.06,4.29
18.256,3.17,0.23,-1.76,3.63
18.266,2.75,-0.72,-2.11,3.54
18.276,2.64,-1.46,-2.15,3.70
18.286,2.00,-2.11,-2.26,3.68
18.296,0.89,-2.51,-2.38,3.58
18.306,-0.34,-2.46,-2.45,3.48
18.316,-1.62,-1.91,-2.44,3.50
18.326,-2.72,-1.03,-2.49,3.83
18.336,-3.32,-0.15,-2.46,4.14
18.346,-3.35,0.60,-2.36,4.14
18.356,-3.03,1.14,-2.28,3.96
18.366,-2.55,1.50,-2.22,3.70
18.376,-1.94,1.65,-2.20,3.36
18.386,-1.35,1.65,-2.06,2.96
18.396,-0.91,1.51,-1.77,2.50
18.406,-0.60,1.22,-1.47,2.00
18.416,-0.37,0.79,-1.34,1.60
18.426,-0.10,0.31,-1.36,1.39
18.436,0.24,-0.18,-1.26,1.30
18.446,0.58,-0.64,-1.15,1.44
18.456,0.75,-1.01,-0.99,1.61
18.466,0.64,-1.19,-0.75,1.55
18.476,0.23,-1.12,-0.49,1.25
18.486,-0.23,-0.84,-0.20,0.90
18.496,-0.63,-0.48,0.16,0.81
18.506,-0.93,-0.08,0.40,1.02
18.517,-1.12,0.26,0.46,1.24
18.526,-1.15,0.48,0.45,1.33
18.536,-1.06,0.57,0.27,1.23
18.547,-0.95,0.59,-0.02,1.12
18.556,-0.96,0.68,-0.26,1.20
18.566,-0.82,0.70,-0.48,1.18
18.576,-0.59,0.47,-0.65,0.99
18.587,-0.61,0.20,-0.58,0.87
18.596,-0.79,-0.02,-0.28,0.83
18.607,-0.83,-0.14,0.05,0.85
18.616,-0.99,-0.18,0.31,1.05
18.627,-1.22,-0.10,0.51,1.32
18.636,-1.36,0.06,0.73,1.54
18.647,-1.30,0.29,0.94,1.63
18.657,-1.21,0.51,1.08,1.69
18.667,-1.08,0.71,1.19,1.75
18.677,-1.00,0.89,1.18,1.78
18.687,-0.95,1.03,1.13,1.80
18.697,-0.86,1.05,1.11,1.76
18.707,-0.65,0.96,1.10,1.60
18.717,-0.37,0.80,1.09,1.40
18.727,-0.22,0.67,1.09,1.29
18.737,-0.10,0.55,1.11,1.24
18.747,0.03,0.43,1.07,1.15
18.757,0.27,0.35,0.98,1.08
18.767,0.63,0.19,0.87,1.09
18.777,0.94,0.07,0.71,1.18
18.787,1.12,0.09,0.61,1.28
18.797,1.31,0.12,0.61,1.45
18.807,1.41,0.11,0.77,1.61
18.817,1.36,0.18,1.08,1.75
18.827,1.28,0.37,1.60,2.08
18.837,1.20,0.58,2.26,2.62
18.847,1.23,0.55,2.66,2.98
18.857,1.60,0.11,1.86,2.46
18.867,2.66,-0.52,0.21,2.72
18.877,4.02,-1.06,-1.09,4.30
18.887,4.64,-1.30,-2.00,5.22
18.897,4.23,-1.10,-2.65,5.11
18.907,3.36,-0.37,-2.90,4.46
18.917,2.50,0.79,-2.76,3.81
18.927,1.61,1.87,-2.38,3.43
18.937,0.49,2.37,-1.99,3.13
18.947,-0.81,2.09,-1.62,2.77
18.957,-1.85,1.39,-1.26,2.63
18.967,-2.52,0.59,-1.09,2.81
18.977,-2.95,-0.37,-1.21,3.21
18.987,-3.27,-1.44,-1.44,3.85
18.997,-3.09,-2.36,-1.65,4.23
19.007,-2.68,-2.82,-1.84,4.30
19.017,-2.17,-2.85,-1.93,4.07
19.027,-1.52,-2.59,-1.90,3.55
19.037,-0.80,-2.02,-1.80,2.82
19.047,-0.20,-1.25,-1.75,2.16
19.057,0.22,-0.39,-1.77,1.82
19.067,0.53,0.43,-1.76,1.89
19.077,0.65,1.10,-1.81,2.22
19.087,0.42,1.53,-1.91,2.48
19.097,0.22,1.70,-1.91,2.57
19.107,-0.05,1.72,-1.80,2.49
19.117,-0.50,1.62,-1.52,2.28
19.127,-0.85,1.37,-1.08,1.94
19.137,-1.07,1.06,-0.57,1.60
19.147,-1.17,0.78,-0.10,1.41
19.157,-1.15,0.47,0.30,1.27
19.167,-0.92,0.07,0.51,1.05
19.177,-0.62,-0.22,0.55,0.86
19.187,-0.42,-0.33,0.55,0.77
19.197,-0.30,-0.39,0.63,0.80
19.207,-0.28,-0.41,0.67,0.84
19.217,-0.37,-0.44,0.61,0.83
19.227,-0.48,-0.48,0.47,0.83
19.237,-0.67,-0.49,0.48,0.96
19.247,-0.91,-0.53,0.58,1.20
19.257,-1.17,-0.55,0.65,1.45
19.267,-1.44,-0.54,0.74,1.71
19.277,-1.70,-0.54,0.78,1.95
19.287,-1.83,-0.67,0.81,2.11
19.297,-1.75,-0.86,0.94,2.16
19.307,-1.48,-1.04,1.04,2.09
19.317,-1.19,-1.14,1.00,1.93
19.327,-0.88,-1.05,0.99,1.69
19.337,-0.70,-0.85,1.01,1.49
19.347,-0.68,-0.68,1.05,1.42
19.357,-0.72,-0.50,1.09,1.40
19.367,-0.84,-0.33,1.14,1.46
19.377,-0.80,-0.18,1.21,1.46
19.387,-0.56,-0.02,1.21,1.34
19.397,-0.23,0.09,1.22,1.24
19.407,0.17,0.18,1.28,1.30
19.417,0.50,0.20,1.24,1.35
19.427,0.66,0.20,1.01,1.22
19.437,0.76,0.24,0.70,1.06
19.447,0.89,0.26,0.54,1.07
19.457,1.02,0.19,0.47,1.13
19.467,1.24,0.10,0.55,1.36
19.477,1.53,-0.00,0.81,1.73
19.487,1.81,-0.06,1.25,2.20
19.497,2.06,0.10,1.70,2.67
19.507,2.45,0.61,1.56,2.97
19.518,3.06,1.23,0.56,3.35
19.527,3.74,1.72,-0.31,4.13
19.537,4.12,2.01,-0.56,4.61
19.547,3.68,1.68,-0.52,4.07
19.557,2.54,0.80,-1.06,2.87
19.567,1.87,-0.16,-1.59,2.46
19.578,1.63,-1.05,-1.78,2.64
19.587,1.14,-1.96,-1.92,2.97
19.597,0.49,-2.77,-2.10,3.51
19.607,-0.14,-3.08,-2.29,3.84
19.617,-1.00,-2.70,-2.52,3.82
19.628,-1.91,-1.90,-2.79,3.88
19.637,-2.47,-0.98,-2.89,3.93
19.648,-2.72,-0.14,-2.77,3.89
19.657,-2.75,0.51,-2.53,3.78
19.668,-2.63,1.00,-2.42,3.71
19.677,-2.20,1.28,-2.28,3.41
19.687,-1.51,1.29,-2.16,2.93
19.697,-0.75,1.07,-1.97,2.37
19.707,-0.03,0.74,-1.75,1.90
19.717,0.46,0.39,-1.47,1.59
19.728,0.63,0.08,-1.23,1.39
19.738,0.75,-0.21,-1.00,1.27
19.748,0.89,-0.53,-0.81,1.32
19.757,0.93,-0.84,-0.67,1.43
19.768,0.76,-1.15,-0.44,1.45
19.778,0.35,-1.37,-0.14,1.42
19.788,-0.30,-1.43,0.17,1.47
19.798,-0.95,-1.29,0.46,1.67
19.808,-1.42,-0.93,0.61,1.80
19.818,-1.45,-0.55,0.65,1.69
19.828,-1.22,-0.28,0.66,1.42
19.838,-1.19,0.06,0.70,1.38
19.848,-1.09,0.47,0.57,1.32
19.858,-0.88,0.71,0.16,1.14
19.868,-0.75,0.73,-0.26,1.08
19.878,-0.73,0.60,-0.34,1.00
19.888,-0.77,0.43,-0.29,0.93
19.898,-0.93,0.27,-0.19,0.99
19.908,-1.27,0.15,0.17,1.29
19.918,-1.59,0.13,0.65,1.72
19.928,-1.72,0.17,1.02,2.01
19.938,-1.73,0.33,1.26,2.16
19.948,-1.66,0.55,1.36,2.21
19.958,-1.56,0.76,1.30,2.17
19.968,-1.37,0.91,1.10,1.98
19.978,-1.20,0.94,0.91,1.78
19.988,-1.06,0.85,0.86,1.61
19.998,-0.97,0.72,0.86,1.48
20.008,-0.80,0.64,0.85,1.33
20.018,-0.48,0.52,0.94,1.18
20.028,-0.13,0.38,1.10,1.17
20.038,0.31,0.29,1.34,1.40
20.048,0.67,0.34,1.55,1.72
20.058,0.80,0.46,1.70,1.93
20.068,0.81,0.60,1.76,2.03
20.078,0.98,0.56,1.70,2.04
20.088,1.28,0.44,1.46,1.99
20.098,1.58,0.22,1.12,1.95
20.108,1.82,-0.03,0.80,1.99
20.118,1.89,-0.40,0.68,2.05
20.128,1.91,-0.65,0.88,2.20
20.138,1.85,-0.69,1.43,2.44
20.148,1.72,-0.74,2.27,2.94
20.158,1.66,-0.83,3.11,3.62
20.168,1.92,-1.13,2.87,3.63
20.178,2.48,-1.49,1.07,3.08
20.188,3.32,-1.63,-0.60,3.75
20.198,3.77,-1.37,-1.73,4.37
20.208,3.40,-0.79,-2.84,4.50
20.218,2.30,0.09,-3.55,4.23
20.228,1.13,1.12,-3.50,3.85
20.238,0.44,1.97,-3.04,3.65
20.248,-0.38,2.38,-2.58,3.53
20.258,-1.37,2.33,-2.26,3.53
20.268,-2.32,1.48,-2.10,3.47
20.278,-2.84,0.46,-1.99,3.50
20.288,-2.65,-0.66,-2.19,3.50
20.298,-2.14,-1.74,-2.43,3.68
20.308,-1.82,-2.52,-2.52,4.00
20.318,-1.53,-2.81,-2.26,3.92
20.328,-1.16,-2.50,-1.68,3.23
20.338,-0.75,-1.66,-1.17,2.16
20.348,-0.37,-0.53,-0.91,1.11
20.358,0.03,0.63,-0.82,1.04
20.368,0.37,1.55,-0.89,1.82
20.378,0.49,2.19,-1.07,2.49
20.388,0.42,2.59,-1.21,2.89
20.398,0.14,2.73,-1.39,3.06
20.408,-0.30,2.59,-1.47,2.99
20.418,-0.76,2.21,-1.20,2.63
20.428,-1.14,1.67,-0.68,2.14
20.438,-1.44,0.97,-0.20,1.75
20.448,-1.46,0.21,0.05,1.48
20.458,-1.36,-0.44,0.17,1.44
20.468,-1.23,-0.94,0.13,1.56
20.478,-1.01,-1.33,0.03,1.67
20.488,-0.76,-1.56,-0.00,1.74
20.498,-0.49,-1.61,0.04,1.68
20.508,-0.22,-1.51,0.07,1.53
20.518,-0.18,-1.21,0.08,1.23
20.528,-0.41,-0.89,0.14,0.98
20.538,-0.80,-0.64,0.26,1.06
20.548,-1.29,-0.47,0.42,1.43
20.558,-1.65,-0.40,0.60,1.80
20.568,-1.83,-0.41,0.79,2.03
20.578,-1.83,-0.45,0.97,2.12
20.588,-1.69,-0.52,1.13,2.10
20.598,-1.44,-0.65,1.31,2.05
20.608,-1.17,-0.70,1.44,1.98
20.618,-0.92,-0.67,1.48,1.86
20.628,-0.71,-0.52,1.36,1.62
20.638,-0.52,-0.29,1.19,1.34
20.648,-0.42,0.01,1.12,1.20
20.658,-0.31,0.33,1.11,1.20
20.668,-0.12,0.62,1.11,1.28
20.678,0.13,0.81,1.05,1.34
20.688,0.37,0.94,0.86,1.32
20.698,0.64,0.87,0.71,1.29
20.708,0.85,0.62,0.70,1.26
20.718,0.85,0.30,0.73,1.16
20.729,0.76,0.01,0.70,1.04
20.738,0.71,-0.20,0.65,0.98
20.748,0.78,-0.35,0.69,1.10
20.758,0.89,-0.43,0.79,1.27
20.768,1.08,-0.46,0.92,1.49
20.778,1.19,-0.32,1.05,1.62
20.788,1.36,0.08,1.08,1.74
20.798,1.75,0.79,0.39,1.95
20.808,2.34,1.42,-0.49,2.78
20.819,3.15,1.80,-1.01,3.76
20.828,3.94,1.98,-1.16,4.56
20.838,3.85,1.50,-1.51,4.40
20.849,3.19,0.52,-2.12,3.87
20.859,2.90,-0.43,-2.24,3.69
20.868,2.71,-1.16,-2.15,3.65
20.879,1.95,-1.86,-2.28,3.53
20.889,0.61,-2.48,-2.66,3.69
20.899,-0.96,-2.68,-2.91,4.07
20.909,-2.33,-2.27,-2.86,4.34
20.919,-3.22,-1.30,-2.71,4.41
20.929,-3.45,-0.25,-2.42,4.22
20.939,-3.18,0.68,-2.34,4.00
20.949,-2.65,1.49,-2.48,3.92
20.959,-1.97,2.00,-2.70,3.90
20.969,-1.10,2.13,-2.77,3.67
20.979,-0.29,2.01,-2.57,3.28
20.989,0.33,1.68,-2.19,2.78
20.999,0.67,1.18,-1.88,2.32
21.009,0.55,0.60,-1.74,1.92
21.019,0.27,-0.04,-1.71,1.73
21.029,0.21,-0.71,-1.61,1.77
21.039,0.27,-1.31,-1.52,2.02
21.049,0.15,-1.70,-1.40,2.21
21.059,-0.26,-1.81,-1.10,2.13
21.069,-0.68,-1.57,-0.79,1.88
21.079,-0.98,-1.14,-0.49,1.59
21.089,-1.14,-0.59,-0.16,1.29
21.099,-1.16,-0.02,0.06,1.16
21.109,-1.05,0.51,0.10,1.17
21.119,-0.93,0.94,-0.06,1.33
21.129,-0.83,1.25,-0.30,1.52
21.139,-0.60,1.33,-0.46,1.53
21.149,-0.42,1.38,-0.60,1.56
21.159,-0.23,1.42,-0.64,1.57
21.169,0.15,1.05,-0.74,1.29
21.179,0.05,0.50,-0.81,0.95
21.189,-0.33,0.04,-0.67,0.75
21.199,-0.46,-0.20,-0.49,0.70
21.209,-0.68,-0.25,-0.41,0.84
21.219,-0.77,-0.11,-0.12,0.78
21.229,-0.74,0.11,0.28,0.80
21.239,-0.81,0.41,0.56,1.06
21.249,-0.92,0.73,0.71,1.38
21.259,-0.99,1.07,0.77,1.65
21.269,-1.00,1.31,0.72,1.80
21.279,-1.01,1.32,0.38,1.71
21.289,-0.96,1.20,-0.06,1.54
21.299,-0.69,1.03,-0.31,1.28
21.309,-0.27,0.82,-0.35,0.93
21.319,0.16,0.50,-0.30,0.60
21.329,0.53,0.15,-0.27,0.61
21.339,0.71,-0.13,-0.28,0.77
21.349,0.59,-0.16,-0.33,0.69
21.359,0.25,-0.11,-0.23,0.35
21.369,-0.18,-0.06,0.11,0.22
21.379,-0.76,-0.01,0.57,0.95
21.389,-1.10,0.02,1.07,1.53
21.399,-1.01,0.08,1.43,1.76
21.409,-0.59,0.07,1.38,1.50
21.419,0.12,-0.08,0.39,0.42
21.429,1.15,-0.36,-1.00,1.57
21.439,2.08,-0.61,-1.84,2.85
21.449,2.15,-0.58,-2.23,3.16
21.459,1.31,-0.39,-2.47,2.83
21.469,0.57,-0.02,-2.55,2.61
21.479,0.12,0.55,-2.35,2.41
21.489,-0.43,0.85,-1.84,2.07
21.499,-1.12,0.65,-1.31,1.84
21.509,-1.55,0.05,-1.04,1.87
21.519,-1.32,-0.86,-0.89,1.81
21.529,-0.55,-1.92,-0.98,2.22
21.539,0.46,-2.86,-1.29,3.17
21.549,1.27,-3.46,-1.54,4.00
21.559,1.65,-3.60,-1.55,4.25
21.569,1.87,-3.16,-1.48,3.96
21.579,2.07,-2.18,-1.52,3.36
21.589,2.27,-0.87,-1.53,2.87
21.599,2.25,0.53,-1.36,2.68
21.609,2.17,1.78,-1.30,3.09
21.619,1.90,2.67,-1.36,3.54
21.629,1.48,3.11,-1.39,3.71
21.639,1.11,2.88,-1.37,3.38
21.649,0.79,2.28,-1.23,2.71
21.659,0.30,1.46,-1.20,1.91
21.669,-0.29,0.40,-1.19,1.28
21.679,-0.69,-0.58,-0.98,1.33
21.689,-1.10,-1.33,-0.86,1.93
21.699,-1.75,-1.76,-0.66,2.57
21.709,-2.46,-1.97,-0.26,3.16
21.719,-2.57,-1.91,-0.01,3.21
21.729,-2.60,-1.56,0.09,3.03
21.739,-2.55,-1.16,0.00,2.80
21.749,-2.25,-0.74,-0.25,2.38
21.759,-1.83,-0.40,-0.52,1.95
21.769,-1.61,-0.29,-0.76,1.80
21.779,-1.57,-0.19,-0.98,1.86
21.789,-1.16,-0.41,-1.07,1.63
21.800,-0.68,-0.78,-1.33,1.69
21.809,-0.24,-1.12,-1.33,1.75
21.819,0.07,-1.40,-1.50,2.05
21.829,0.18,-1.57,-1.87,2.45
21.839,0.70,-1.36,-1.69,2.28
21.849,1.26,-0.60,-1.18,1.83
21.859,1.21,0.71,-0.65,1.54
21.869,0.88,1.76,-0.03,1.96
21.879,0.67,1.95,-0.04,2.06
21.890,0.48,1.60,-0.78,1.84
21.900,0.13,0.57,-1.33,1.45
21.910,-0.15,-0.31,-1.71,1.75
21.919,-0.50,-0.69,-1.71,1.91
21.930,-0.80,-0.72,-1.68,2.00
21.940,-0.91,-0.58,-1.49,1.84
21.950,-1.13,-0.39,-1.01,1.56
21.960,-1.35,0.02,-0.55,1.46
21.970,-1.43,0.28,-0.40,1.52
21.980,-1.40,0.25,-0.49,1.50
21.990,-1.07,0.43,-0.76,1.38
22.000,-0.27,0.84,-1.42,1.67
22.010,0.15,0.88,-1.47,1.72
22.020,-0.09,0.79,-1.76,1.93
22.030,0.56,0.06,-1.15,1.28
22.040,1.21,-1.37,0.50,1.90
22.050,0.46,-1.43,0.45,1.57
22.060,-0.44,-0.58,0.19,0.75
22.070,-0.74,-0.62,-0.09,0.97
22.080,-0.82,-0.96,-0.59,1.39
22.090,-0.63,-0.68,-0.85,1.26
22.100,-0.17,-0.62,-0.85,1.07
22.109,-0.09,-0.95,-1.05,1.41
22.120,0.03,-0.95,-0.84,1.27
22.130,0.12,-0.56,-0.63,0.85
22.140,-0.30,-0.70,-1.07,1.32
22.150,-0.40,-0.75,-1.63,1.84
22.160,0.12,-0.26,-1.49,1.51
22.170,0.60,0.36,-1.14,1.34
22.180,1.05,0.87,-0.48,1.45
22.190,1.45,1.20,-0.05,1.88
22.200,1.28,1.01,0.11,1.63
22.210,0.69,0.56,-0.09,0.89
22.220,0.29,0.38,-0.80,0.93
22.230,0.05,0.31,-1.03,1.08
22.240,-0.26,0.28,-0.71,0.80
22.250,-0.35,0.20,-0.50,0.64
22.260,0.92,0.16,-0.79,1.22
22.270,0.17,0.51,-0.40,0.67
22.280,-0.75,0.58,0.22,0.97
22.290,-1.02,0.60,0.37,1.24
22.300,-0.86,0.55,-0.10,1.03
22.310,-0.72,0.19,-0.90,1.17
22.320,-0.71,-0.22,-1.44,1.62
22.330,-1.27,-0.27,-1.07,1.68
22.340,-1.63,-0.22,0.18,1.66
22.350,-0.90,-0.08,0.69,1.14
22.360,0.39,0.00,0.09,0.40
22.370,0.86,-0.11,-0.21,0.89
22.380,0.67,-0.38,-0.49,0.91
22.390,0.42,-0.69,-0.74,1.10
22.400,0.82,-0.63,-0.77,1.30
22.410,1.10,-0.21,-0.40,1.19
22.420,0.59,-0.09,0.27,0.65
22.430,0.15,-0.31,0.71,0.79
22.440,0.78,-0.17,0.51,0.95
22.450,1.35,0.15,-0.03,1.36
22.460,1.62,0.28,-0.22,1.66
22.470,1.63,0.37,-0.04,1.67
22.480,1.23,0.17,0.44,1.32
22.490,0.59,0.00,0.66,0.88
22.500,0.86,-0.21,0.14,0.89
22.510,3.61,0.17,0.88,3.72
22.520,10.74,3.39,3.40,11.77
22.530,12.03,6.45,8.23,15.94
22.540,7.55,3.49,2.98,8.84
22.550,7.09,1.84,-2.98,7.90
22.560,3.59,2.99,-3.02,5.56
22.570,2.34,-2.34,2.22,3.98
22.580,1.72,-1.39,9.97,10.21
22.590,-3.48,-3.04,2.05,5.06
22.600,-2.84,-2.46,-3.38,5.05
22.610,-3.51,-3.62,-5.39,7.38
22.620,-2.91,-3.37,-4.95,6.66
22.630,-2.44,-2.71,-4.25,5.60
22.640,-1.97,-2.59,-3.70,4.93
22.650,-0.93,-2.48,-4.45,5.18
22.660,0.07,-2.41,-5.22,5.74
22.670,0.03,-1.97,-5.65,5.98
22.680,-0.06,-1.31,-5.84,5.99
22.690,-1.97,-1.00,-3.66,4.28
22.700,-4.42,-2.00,-0.79,4.92
22.710,-3.32,-2.22,-0.67,4.05
22.720,-0.10,-1.29,-2.11,2.48
22.730,1.42,0.19,-3.87,4.13
22.740,1.23,0.64,-4.77,4.97
22.750,0.63,1.19,-6.74,6.87
22.760,1.57,2.99,-1.81,3.83
22.770,0.09,1.53,-0.31,1.56
22.780,-0.51,-1.57,-1.57,2.28
22.790,-0.94,-1.56,-0.72,1.96
22.800,-0.97,-2.60,-0.66,2.85
22.810,-0.30,-3.21,-1.08,3.40
22.820,-0.32,-2.90,-1.19,3.15
22.830,-1.24,-2.03,-0.51,2.44
22.840,-0.33,-1.09,-1.29,1.72
22.850,0.20,-0.70,-2.25,2.37
22.860,-0.32,-1.34,-2.31,2.69
22.870,-0.35,-1.33,-1.99,2.41
22.880,0.02,-1.16,-1.88,2.21
22.890,-0.10,-0.99,-2.07,2.30
22.900,-0.40,-0.92,-1.84,2.10
22.910,-0.42,-0.60,-1.74,1.89
22.920,-0.67,-0.37,-1.07,1.31
22.930,-0.34,0.02,-0.92,0.99
22.940,-0.12,0.73,-1.06,1.29
22.950,-0.29,0.96,-0.22,1.03
22.960,-0.23,0.76,0.94,1.23
22.970,-0.36,0.28,1.31,1.39
22.980,-0.31,-0.34,0.76,0.89
22.990,-0.24,-0.90,-0.49,1.05
23.000,-0.13,-1.17,-1.43,1.85
23.010,0.05,-0.86,-1.32,1.57
23.020,0.06,-0.60,-0.94,1.12
23.030,0.42,-0.29,-1.16,1.27
23.040,0.40,0.32,-1.60,1.68
23.050,0.57,3.36,-2.17,4.05
23.060,0.32,3.23,1.67,3.65
23.070,-0.18,0.11,3.27,3.28
23.081,0.27,-1.37,1.99,2.43
23.091,0.16,-1.25,0.55,1.37
23.101,-0.10,-0.60,0.02,0.61
23.110,-0.58,-0.43,0.31,0.78
23.121,-0.61,-0.65,0.57,1.06
23.131,-0.59,-0.86,0.63,1.22
23.140,-0.26,-0.88,0.13,0.92
23.150,-0.09,-0.58,-0.33,0.67
23.161,0.20,-0.19,-0.84,0.88
23.171,0.58,0.63,-1.14,1.43
23.181,0.43,1.17,-1.07,1.64
23.191,0.25,1.21,-0.65,1.40
23.201,0.33,1.07,-0.30,1.16
23.211,0.24,0.75,-0.01,0.78
23.221,0.08,0.48,0.26,0.55
23.231,0.24,0.37,0.17,0.48
23.241,0.26,0.09,0.17,0.32
23.251,0.33,-0.09,0.14,0.37
23.261,0.41,-0.17,-0.11,0.45
23.271,0.30,-0.18,-0.37,0.51
23.281,0.36,-0.18,-0.38,0.55
23.291,0.51,-0.15,-0.21,0.57
23.301,0.71,0.03,-0.12,0.72
23.311,0.56,0.01,-0.12,0.57
23.321,0.44,-0.07,-0.31,0.54
23.331,0.30,-0.04,-0.46,0.55
23.341,0.11,-0.01,-0.62,0.63
23.351,-0.16,-0.05,-0.70,0.72
23.361,-0.18,-0.24,-0.70,0.76
23.371,-0.22,-0.33,-0.56,0.69
23.381,-0.21,-0.19,-0.38,0.48
23.391,-0.02,-0.15,-0.24,0.29
23.401,0.14,-0.03,-0.16,0.21
23.411,0.15,0.11,-0.11,0.22
23.421,0.02,0.14,-0.09,0.16
23.432,-0.02,0.19,-0.08,0.21
23.441,0.04,0.30,-0.26,0.40
23.451,0.20,0.21,-0.31,0.42
23.461,0.03,0.21,-0.05,0.21
23.471,0.05,0.19,-0.07,0.21
23.481,0.21,0.08,-0.16,0.28
23.491,0.12,-0.08,-0.08,0.16
23.501,0.08,-0.12,0.00,0.14
23.511,0.11,0.05,-0.01,0.12
23.521,0.02,0.10,0.17,0.20
23.531,-0.04,0.11,0.46,0.48
23.541,0.27,0.26,0.73,0.82
