bodyx,bodyy,bodyz
0.0353347,-0.1715691,-0.388768
0.4823705,-0.4545694,-0.3209872
0.774583,-0.4783389,-0.2300301
0.899739,-0.09088761,-0.04058612
1.078133,0.3443249,0.2395871
0.8269415,0.7766668,0.4952018
0.409895,0.9076147,0.2535059
0.225477,0.5469923,-0.2993698
0.08392014,0.2522973,-0.5363793
0.09786389,0.242974,-0.3110929
-0.04229395,0.1067115,0.03651935
-0.3198911,-0.1990262,-0.02102724
-0.1967359,-0.2320863,-0.02702898
-0.01060317,-0.2113078,0.1604157
0.150601,-0.3922436,0.110863
0.5273763,-0.4108034,0.3159448
0.6498387,-0.3861211,0.4228648
0.5780096,-0.3724507,0.1838175
0.6955041,-0.2798348,0.25693
0.6810895,-0.2567961,0.3088753
0.4687818,-0.08747921,0.3072178
0.2130605,0.1573045,0.2694371
-0.02652184,0.2097642,0.03546579
-0.1413748,0.06572154,0.05873696
-0.5084102,-0.1535182,0.03296755
-1.068778,-0.1724901,-0.1479542
-1.13999,-0.06708331,-0.2796942
-0.6899414,-0.01582517,-0.5380712
-0.2556304,0.004321276,-0.6139587
-0.3234849,0.09383268,-0.5461618
-0.4496267,0.2503,-0.4410549
-0.169583,0.1734146,-0.226495
-0.05047231,0.06013019,-0.08260766
-0.06973679,0.148914,0.2215077
-0.06231023,0.08201626,0.5538094
-0.3042533,-0.1111419,0.6014231
-0.5076248,-0.2434818,0.6280623
-0.5629363,-0.2739312,0.600076
-0.5671306,-0.1385491,0.4183768
-0.5627397,0.007035222,0.2492178
-0.6275085,0.1527581,0.0261169
-0.6632475,0.2294942,-0.2140971
-0.7138487,0.1751126,-0.2536044
-0.5593338,0.1422264,-0.1867012
-0.1841154,-0.1239259,-0.1747998
0.04619002,-0.4400957,-0.2130257
0.3040899,-0.2848243,-0.2416961
0.5726478,-0.04082557,-0.14355
0.6356131,0.1424584,0.139466
0.5868661,0.5715774,0.5129712
0.4542507,0.8241115,0.5416838
0.3409125,0.5356634,0.01094703
0.3733064,0.2096488,-0.3847736
0.386862,0.2212376,-0.2161335
0.06880229,0.244227,-0.06779592
-0.4702817,0.102814,-0.174498
-0.8819982,-0.04449521,-0.06247518
-1.006327,-0.1758588,0.1339611
-0.7356047,-0.2644506,0.1382552
-0.3353521,-0.2478286,0.2101939
-0.02425056,-0.1368679,0.2518362
0.1703082,0.02030545,0.2500742
0.06028408,0.1570217,0.2546834
-0.09406349,0.1967563,0.1451611
-0.2126372,0.1753727,0.2140194
-0.4887404,0.2712084,0.3011617
-0.6131531,0.4187649,0.2533866
-0.6519284,0.4527156,0.2504158
-0.8356533,0.3448424,0.1516218
-1.003365,0.09826685,0.1343085
-1.279116,-0.07599999,0.05866275
-1.537206,-0.194273,-0.2969217
-1.3121,-0.5082117,-0.5730088
-0.988754,-0.6937601,-0.6627342
-1.012779,-0.203815,-0.494566
-0.9323356,0.5172768,-0.3294327
-0.7528688,0.6219642,-0.4631196
-0.820286,0.6383692,-0.4719344
-0.8401088,0.9085638,-0.256203
-0.8402151,0.7242385,0.004780921
-1.07264,0.4759986,0.2833943
-1.464968,0.444395,0.4647431
-1.832508,0.2616388,0.5487215
-1.841025,0.2164176,0.5521408
-1.764908,0.2459545,0.5184121
-1.868164,0.3435934,0.397599
-1.707829,0.6278939,0.03279361
-1.503732,0.6965185,-0.3449598
-1.467726,0.5725093,-0.4600238
-1.200547,0.3506276,-0.3869491
-0.9212383,0.158458,-0.3420297
-0.6978041,0.3294217,-0.4120642
-0.1635214,0.4965215,-0.4505096
0.2564879,0.2928641,-0.4884966
0.1299038,0.1496859,-0.4661811
-0.1395292,0.3597369,-0.07852116
-0.2678184,0.7132021,0.3388999
-0.299799,0.9399494,0.2762398
-0.2689326,0.5813748,-0.03663057
-0.305646,0.05326205,-0.2128649
-0.3749904,0.2669333,-0.3067776
-0.5994535,0.4000214,-0.4492791
-1.079858,0.08721406,-0.5141851
-1.254281,-0.00971858,-0.4242983
-1.036395,-0.2851593,-0.3186448
-0.8107471,-0.3995585,-0.2911879
-0.5536223,-0.2142004,-0.1281065
-0.4137624,-0.3698554,0.1816213
-0.4905494,-0.2563218,0.247686
-0.5056569,0.02896589,0.1292131
-0.4024026,0.1093931,0.04073202
-0.3252086,0.2500017,-0.02319094
-0.2466467,0.1102831,0.005280404
-0.2483874,0.04193147,0.03869416
-0.4906016,0.199529,0.03559159
-0.7500706,0.3095484,0.01850013
-0.8133244,0.5926931,-0.06966286
-0.7195474,0.5291476,-0.1616998
-0.7226353,0.2341836,-0.1943773
-1.035243,0.2144826,-0.1851075
-1.37347,0.1948505,-0.2282312
-1.428234,0.3338932,-0.4119347
-1.16832,0.399487,-0.703637
-0.82402,0.1074208,-0.8937673
-0.592217,-0.1235527,-0.845467
-0.4779757,-0.1894935,-0.7507015
-0.5095828,-0.1506582,-0.636829
-0.3740797,0.009489743,-0.3879425
-0.1138689,0.3535137,-0.1199433
-0.1800065,0.5433052,-0.01920907
-0.5742805,0.4018011,-0.08320455
-1.155087,0.3462657,0.01657108
-1.352704,0.1086449,0.2712588
-1.046135,-0.2424068,0.4117797
-0.9384787,-0.2749843,0.5141415
-0.9094214,-0.3973341,0.4906246
-0.7491446,-0.5187714,0.3435256
-0.6181048,-0.3019424,0.1621892
-0.3911539,-0.005294571,-0.1696436
-0.2939841,0.1223845,-0.3891337
-0.3335455,0.1164409,-0.412953
-0.02307271,-0.01985568,-0.4038547
0.4883154,-0.4174879,-0.3237079
0.7293188,-0.6603377,-0.2759624
0.7506419,-0.5395847,-0.2431583
0.8467811,-0.3215967,-0.2122762
0.9610042,0.1419567,-0.1619924
0.8170103,0.6395176,0.03630467
0.4508861,0.760927,0.1235478
0.02472314,0.5998822,-0.02714523
-0.2014731,0.356025,-0.2094809
0.1514039,0.1409224,-0.2821848
0.6001158,-0.001348142,-0.2208442
0.5174813,-0.0408096,-0.188322
0.3608492,-0.1104248,-0.1994146
0.2667654,-0.1733942,-0.1412117
0.09233261,-0.1612326,-0.03221572
0.2711987,-0.2631066,0.1079713
0.5816399,-0.3235366,0.2674159
0.6894748,-0.3374793,0.405784
0.7784081,-0.4124786,0.4020218
0.7249459,-0.3683494,0.2588393
0.624562,-0.2629894,0.1857586
0.5483537,-0.04672697,0.2277911
0.3259826,0.2097933,0.2442528
0.2107498,0.208189,0.167282
0.1281161,-0.03478434,0.1087065
-0.2054374,-0.3520196,0.1412865
-0.5360972,-0.3409334,0.09651809
-0.5470722,0.02828979,-0.1822151
-0.1117515,0.1826506,-0.5656556
0.4680133,-0.1235285,-0.7163224
0.6199208,-0.500918,-0.6377765
0.4735608,-0.4383237,-0.6208956
0.5208765,-0.2712173,-0.4908833
0.5988073,-0.1945553,-0.05637746
0.5122534,0.1369245,0.3989757
0.3792747,0.164035,0.5859124
0.06944243,-0.1039788,0.5109037
-0.2724821,-0.133444,0.5134764
-0.4123988,-0.2895048,0.584254
-0.4833213,-0.3610384,0.508594
-0.463977,-0.177987,0.4731362
-0.4289331,-0.04757708,0.2800685
-0.4170899,0.1317158,-0.1063586
-0.3452099,0.07473361,-0.1763706
-0.1957809,-0.2496672,-0.05414871
0.2009397,-0.45088,-0.05504541
0.5981974,-0.4326838,-0.1452874
0.8797783,-0.2507349,-0.1800121
1.150203,-0.1030901,0.03160716
1.046502,0.2339052,0.4102644
0.7638687,0.591379,0.6109511
0.5786156,0.4320189,0.4165423
0.4576041,0.1955568,0.1059098
0.5454681,0.1427398,-0.01155039
0.503846,0.2642434,-0.0399859
0.2271099,0.487911,-0.1817848
-0.1174613,0.2731529,-0.411362
-0.3859531,-0.06385558,-0.2828529
-0.1630175,-0.1352022,0.02456867
0.1254383,-0.2147484,-0.01516247
0.1935405,-0.2234306,0.0685693
0.3466409,-0.2210663,0.2949004
0.2659678,-0.2060911,0.2948473
0.1496518,-0.05840299,0.335825
0.1840858,-0.03291436,0.3698503
-0.04619263,-0.03288465,0.4116733
-0.3051607,0.08390545,0.4893586
-0.4992404,0.2629358,0.420766
-0.6805928,0.4424885,0.3070696
-0.7469682,0.3532115,0.02265893
-1.015293,0.1924735,-0.2859705
-1.285724,0.1667628,-0.2719494
-1.225585,0.1176057,-0.2378764
-1.149768,0.3421858,-0.4735085
-1.015506,0.6430088,-0.8655227
-0.7579506,0.3973344,-1.128498
-0.7660192,0.05256695,-1.096781
-0.848016,0.03366573,-0.8826297
-0.7767466,0.1106004,-0.5621569
-0.9455102,0.3681183,-0.1733895
-1.295098,0.6313819,0.02069937
-1.648134,0.5630848,0.02450833
-1.886139,0.4353207,0.2156095
-1.671853,0.3126321,0.4618697
-1.475645,0.104037,0.5442323
-1.524728,0.09553312,0.5497661
-1.43668,0.2025545,0.3670432
-1.393106,0.1928135,0.1058827
-1.2234,0.3343308,-0.0805556
-0.8400852,0.5576027,-0.3478488
-0.6217681,0.4925754,-0.6466187
-0.5425194,0.2689343,-0.7375018
-0.5681363,0.06825866,-0.6299009
-0.5177759,-0.009777961,-0.5597236
-0.3598782,-0.003027155,-0.4408296
-0.2807435,-0.05806057,-0.2000917
-0.1876478,-0.04584259,-0.1206159
0.02939263,-0.05856843,-0.1491042
0.4769307,-0.08505822,-0.1287885
0.6028629,0.07302129,-0.0156957
0.227303,0.2710328,0.3984458
0.1474613,0.425169,0.7165669
0.2785328,0.3184752,0.231574
0.3549575,0.117015,-0.3511027
0.382678,0.1740557,-0.1582668
0.2293326,0.05859045,-0.08332006
0.06961449,-0.1492413,-0.3493598
-0.1109827,-0.2565946,-0.2381843
-0.1493202,-0.5456069,-0.2658679
0.04113682,-0.6803256,-0.3663108
0.2287026,-0.6516465,-0.1302257
0.4406394,-0.7313846,0.04203142
0.4481444,-0.7404501,0.2991511
0.2450045,-0.7149194,0.4601934
0.05811054,-0.6359088,0.4081777
-0.07866586,-0.4313643,0.4660936
-0.03782865,-0.2529293,0.3232742
0.02024922,-0.1351041,0.1233519
0.04905877,0.01647243,0.009466086
0.1151903,0.2227079,-0.1457875
0.1034228,0.3136389,-0.1311241
0.06477906,0.2710512,-0.1227492
-0.09123282,0.2189787,-0.190156
-0.3587706,0.07255738,-0.2327844
-0.5857112,-0.0661994,-0.3168426
-0.6024507,0.06144254,-0.5385899
-0.1327024,0.2108992,-0.854555
0.3562562,0.0966486,-0.8386585
0.2901602,-0.007292186,-0.6999552
0.1791898,-0.04052968,-0.7173342
0.3524525,-0.09835366,-0.3429348
0.3341817,0.03451889,0.2494697
0.1154665,0.1225053,0.4582031
-0.01568597,-0.08576639,0.4490896
-0.07086824,-0.2863943,0.5452025
-0.009028095,-0.3798295,0.7666269
0.0005549781,-0.5374185,0.9195695
-0.04382255,-0.7035459,0.9091921
0.01821795,-0.5743195,0.7239817
-0.03811368,-0.2521706,0.2899875
-0.1273973,-0.01733231,-0.1851705
-0.1955354,0.1769553,-0.4443998
-0.1726114,0.1335189,-0.4736987
0.3129313,-0.1779913,-0.3259978
0.9968295,-0.6471728,-0.1158896
1.480248,-1.063423,0.01032821
1.720312,-0.7633158,-0.03826343
1.826837,-0.2877888,-0.06528023
1.762361,-0.129774,0.1770647
1.477041,0.4290219,0.5731652
1.291086,0.6953481,0.7924572
1.010399,0.2906946,0.4651822
0.6726351,0.1339201,-0.05642489
0.7496788,0.01597054,-0.07897645
0.8835905,-0.01050854,0.08727701
0.8870992,0.1507322,0.08465414
0.7527564,-0.08961083,-0.01709642
0.4022264,-0.3189178,-0.2109684
0.2684177,-0.4093835,-0.205571
0.5293804,-0.5778422,-0.002794508
0.94014,-0.5336182,0.2156834
1.169954,-0.4669,0.4087268
1.159877,-0.3462844,0.3635441
1.134227,-0.1376243,0.265925
1.090143,-0.1211931,0.2695639
0.8804029,-0.1166005,0.2790544
0.4720727,-0.03595031,0.3309768
0.2193025,0.08908566,0.230747
0.2845865,0.07094065,0.06041284
0.1770648,-0.2489701,0.03286148
-0.2579736,-0.4205101,-0.03372167
-0.4790736,-0.1482642,-0.2767068
-0.05731428,0.1301335,-0.630037
0.4632731,-0.1123068,-0.7321404
0.3602073,-0.3587721,-0.5898632
0.121093,-0.2005277,-0.5224649
0.2066952,-0.1939315,-0.2371147
0.3605597,-0.06559382,0.1828336
0.5862634,0.2633238,0.2933547
0.6012276,0.1652143,0.3141821
0.3512228,-0.0618652,0.4044655
0.2697379,-0.2269598,0.4578167
0.09526957,-0.3374759,0.4114211
-0.01834494,-0.1837561,0.2833407
0.1399866,-0.05407536,0.1632025
0.1367593,-0.05459253,-0.02606175
0.1812587,-0.09237325,-0.1685298
0.3342543,-0.2231971,-0.1581469
0.5275154,-0.392473,-0.1735641
0.8622581,-0.5806033,-0.1842329
1.133907,-0.5985862,-0.1855119
1.456962,-0.3784232,-0.1985304
1.619424,-0.0444282,-0.07118901
1.444129,0.4625619,0.1792635
1.269888,0.6556028,0.3225458
0.9975774,0.3674655,0.2193671
0.7476672,0.2913881,0.1216522
0.8659186,0.2909006,0.1285684
0.9888008,0.2095995,0.01988151
0.6642069,0.2389127,-0.04126849
0.2668842,0.05649411,0.03047248
0.2295489,-0.1425994,0.06277638
0.4692107,-0.2434752,0.1392316
0.8890561,-0.4057115,0.2423612
1.114021,-0.4528595,0.3681829
1.106214,-0.5498385,0.5773166
1.169206,-0.5738151,0.6385136
1.130841,-0.4249977,0.5679614
1.057938,-0.3350977,0.4901447
0.963509,-0.1452843,0.3229474
0.7558951,0.03947601,0.2178092
0.5526765,0.1462958,0.1823598
0.2827194,0.2295398,0.07391496
0.1175947,0.1406118,0.01229825
0.01560836,0.01304568,0.007617533
-0.2960677,-0.06708893,0.002015294
-0.5610566,0.01101305,0.0123826
-0.5639447,0.1554384,-0.03048383
-0.473201,0.05598105,-0.1949581
-0.3367055,-0.01937067,-0.4454516
0.05502113,0.008965333,-0.5444581
0.4163919,-0.005591414,-0.4270269
0.4329494,0.07134635,-0.3811115
0.5956611,0.1010485,-0.3590454
0.9901349,0.03579454,-0.1728147
1.114448,0.02003866,0.03293457
0.8893361,0.02393176,0.2109903
0.5481744,0.02173253,0.391079
0.2116028,-0.08259922,0.6116469
-0.05522631,-0.3182572,0.8221326
-0.1062741,-0.528098,0.7608457
-0.06624944,-0.5326305,0.5401821
-0.07865633,-0.2873972,0.2825208
-0.03758785,-0.0472438,-0.03637677
-0.03457831,-0.02117082,-0.1507392
-0.03180314,-0.1303874,-0.1482832
0.1535392,-0.2680705,-0.1408923
0.4155982,-0.4827054,-0.07456046
0.6824748,-0.7128382,-0.1043921
1.000571,-0.6792176,-0.0767262
1.252048,-0.455699,-0.01716705
1.310598,-0.1776107,-0.04710726
-0.219325,-0.4807402,0.4808157
-0.1583316,-0.5605881,0.5366069
-0.1911567,-0.3612687,0.5139777
-0.01016341,-0.2034284,0.4144913
0.05092638,0.07614796,0.2146741
-0.01788415,0.256414,0.1791903
-0.2394451,0.2157828,0.1578421
-0.7104304,0.3792586,0.0007057933
-0.8586595,0.3839487,-0.1394114
-0.8950476,0.06541711,-0.1441969
-1.19507,-0.1874108,-0.1036358
-1.364477,-0.07309316,-0.2192924
-1.340896,0.451727,-0.5193319
-0.953325,0.7233614,-0.8208373
-0.4443375,0.3005659,-0.7861356
-0.5375554,-0.3536064,-0.5200413
-0.7970644,-0.4891418,-0.4621239
-0.7446149,-0.2064587,-0.3951338
-0.6346014,0.04729031,-0.03373951
-0.4559188,0.4611271,0.3518061
-0.3814641,0.5567126,0.3707716
-0.548062,0.2372982,0.2047883
-0.6577374,0.1414444,0.3821345
-0.7570017,-0.1250903,0.5475649
-0.7673129,-0.3919824,0.548693
-0.6336518,-0.2828657,0.6403625
-0.6518494,-0.1996357,0.4115906
-0.6607344,0.005047098,0.03266887
-0.7015216,0.2190461,-0.2541973
-0.8094953,0.1903402,-0.4191917
-0.6023456,0.07430742,-0.2593009
-0.1284799,-0.3498964,-0.1785469
0.4470379,-0.8024348,-0.1030302
0.7195682,-0.4395472,0.005859268
0.5658504,0.3423459,-0.006007839
0.5127727,0.5773712,0.2475604
0.3870444,0.5359208,0.3043126
0.007994108,0.5020464,0.01867748
-0.2080164,0.3234257,-0.09384896
-0.06072217,0.2101899,-0.1214474
0.1435654,0.1341006,-0.1286623
-0.09933341,0.104355,-0.1775852
-0.4228189,0.05663147,-0.1463523
-0.5169185,-0.02513895,-0.05229514
-0.6718184,0.03962655,-0.0817253
-0.6161595,-0.07025711,0.05489752
-0.4758281,-0.182634,0.2248605
-0.4566119,-0.1382762,0.2603389
-0.3409566,-0.1383548,0.2530283
-0.3825661,0.003529381,0.1585734
-0.4275911,0.05392141,0.1487475
-0.4444341,0.08192071,0.1534188
-0.7140172,0.2864025,0.1235956
-0.873107,0.4131736,0.09693941
-0.8972741,0.4292175,-0.01652971
-0.9493093,0.1782171,-0.0859023
-1.01503,-0.09472931,-0.1940004
-1.088915,-0.0310391,-0.3628052
-0.9254132,0.278865,-0.5294718
-0.5101645,0.5788167,-0.6773877
-0.1125365,0.4080429,-0.5747461
-0.1343026,0.1081516,-0.4035086
-0.4013665,0.01993887,-0.3302358
-0.3497337,-0.1147406,-0.2965421
-0.2410309,0.03725737,-0.2855275
-0.1433863,0.2890564,0.02794302
0.009211911,0.161844,0.4595418
-0.1017032,0.03096083,0.5718608
-0.3397228,-0.03625853,0.5438895
-0.7110799,-0.1050276,0.4981809
-0.9684737,-0.03345429,0.3982551
-0.8774665,0.03678453,0.2650064
-0.9790162,0.1560069,0.06939094
-1.137783,0.2207404,-0.1282871
-1.085008,0.03620229,-0.1788013
-0.7865161,-0.2231294,-0.1203306
-0.1834004,-0.4681011,-0.1187673
0.1992134,-0.3833392,-0.1152178
0.4643046,-0.06966178,-0.08404574
0.6527623,0.1494383,0.001218076
0.380579,0.6853408,0.2698191
0.09273913,0.9767026,0.4132623
-0.2687844,0.6612343,0.1386936
-0.5799521,0.5937391,-0.1623466
-0.3010427,0.5277958,-0.15832
-0.2180534,0.4213842,-0.181158
-0.5882003,0.544013,-0.3498183
-0.8543262,0.3515183,-0.3699845
-0.976945,0.09400053,-0.2643735
-0.8615138,-0.06761034,-0.0573809
-0.7300122,-0.2258956,0.1608456
-0.6892591,-0.1724205,0.280324
-0.5714514,-0.220164,0.467363
-0.6188877,-0.1880657,0.5262621
-0.7116255,-0.01124918,0.4548382
-0.8255694,0.0002286795,0.4636834
-1.145482,0.2001806,0.3245731
-1.389396,0.4704039,0.1116207
-1.553838,0.5295101,-0.04351406
-1.735134,0.4439946,-0.1990599
-1.942285,0.2872152,-0.3045855
-2.132371,0.2544397,-0.3860074
-2.019274,0.2577912,-0.4244405
-1.804424,0.509185,-0.68041
-1.565255,0.8612724,-1.228404
-1.222502,0.5070129,-1.389524
-1.282912,-0.03655286,-0.8953648
-1.550965,-0.08667118,-0.3576056
-1.643555,0.01979248,-0.312944
-1.762185,0.2440725,-0.4027115
-1.773246,0.5345561,-0.1580843
-1.833487,0.6185146,0.09798183
-2.036986,0.5629814,0.1622101
-2.076299,0.538514,0.2431559
-2.048717,0.5609957,0.3397872
-1.921146,0.5301901,0.3015919
-1.779757,0.5300518,0.1641664
-1.732744,0.6121396,0.0221138
-1.642741,0.6674276,-0.1996693
-1.684239,0.7014275,-0.3875951
-1.700908,0.6309665,-0.4935242
-1.645086,0.5340503,-0.6021246
-1.657844,0.4962159,-0.5901566
-1.432755,0.264921,-0.5593245
-0.9734489,-0.1052049,-0.4173168
-0.4250445,-0.2525301,-0.09212209
-0.06887204,0.0382472,0.03312153
-0.08877747,0.4723768,0.1641456
-0.1596048,0.6089831,0.3186145
-0.2125149,0.6094208,-0.0593919
-0.1329808,0.6089562,-0.5775647
0.07324151,0.5970588,-0.6596923
0.05902612,0.5812016,-0.5805522
-0.2715077,0.3068069,-0.5396149
-0.7658719,-0.0674269,-0.4660576
-0.8551142,-0.3114026,-0.3219224
-0.5718177,-0.5356371,-0.02982866
-0.4553366,-0.5323185,0.1871634
-0.2975098,-0.3644485,0.2049099
-0.1980172,-0.3411567,0.2108523
-0.2574101,-0.2800533,0.070226
-0.122501,-0.2227312,-0.08361533
-0.02379493,-0.2378063,0.004723335
-0.01714176,-0.04314584,0.05572915
0.01710691,0.1311604,0.02990977
-0.03650194,0.1002898,0.01197259
-0.04926503,-0.004569485,-0.04093326
-0.1554477,-0.212748,-0.05829899
-0.4460481,-0.2463692,-0.1921896
-0.5583773,-0.07982006,-0.5046147
-0.331553,-0.03675096,-0.6992192
-0.03608651,-0.1990259,-0.6580899
-0.00998483,-0.5497445,-0.570494
-0.06756438,-0.7744209,-0.5252133
0.03928226,-0.6723696,-0.44085
0.2370467,-0.2445448,-0.1583554
0.3984506,0.2977568,0.3137398
0.136832,0.3211251,0.530969
-0.3637192,0.009381871,0.4761779
-0.5294112,-0.1010733,0.543491
-0.5617887,-0.2274076,0.5706618
-0.511357,-0.3265027,0.5336028
-0.3102908,-0.2112751,0.5647048
-0.2664921,-0.1112268,0.3943439
-0.2786644,-0.04698269,0.05520933
-0.2934046,0.03097593,-0.1969597
-0.3080738,-0.03906411,-0.2500542
0.0093105,-0.2759296,-0.1570061
0.5236013,-0.4468827,-0.1488199
0.9438852,-0.3161836,-0.1684113
1.374706,-0.05059078,-0.05209549
1.675063,0.2170237,0.2094229
1.461524,0.5792652,0.492551
0.9948242,0.5966194,0.465654
0.7295357,0.2984197,0.2323352
0.5971513,0.2645391,0.1031709
0.6429898,0.1386521,-0.003719777
0.5920569,-0.09899382,-0.09920006
0.1662536,-0.06832878,-0.1722656
-0.01681207,-0.1797343,-0.1077111
0.125531,-0.3384177,0.1505843
0.2749262,-0.2490841,0.2646498
0.4486205,-0.2214268,0.3568815
0.5596932,-0.2971839,0.4833629
0.6480074,-0.3497324,0.3996727
0.6522909,-0.3978884,0.4070515
0.578508,-0.3904927,0.4326841
0.4603036,-0.1675925,0.3312107
0.2491438,0.1946462,0.2813728
0.1847105,0.311852,0.09530631
0.1662601,0.05058871,-0.02233316
-0.08344408,-0.2200558,0.06731039
-0.4364916,-0.2367893,0.09338469
-0.4985538,-0.2499865,0.1021647
-0.2930747,-0.1646695,-0.03970456
-0.1247973,0.07039297,-0.3525141
0.1979769,-0.01961207,-0.5896058
0.3194634,-0.1176592,-0.7384859
0.0763139,0.03118932,-0.693475
0.093939,0.1151078,-0.5173275
0.101048,0.3654259,-0.4038787
0.008267099,0.6496242,-0.08414008
-0.1408229,0.6606172,0.4453217
-0.8134538,0.5208658,0.6683244
-1.410521,0.2038597,0.6054652
-1.400871,-0.05677118,0.5978742
-1.27192,-0.105017,0.5552767
-1.209315,0.09971788,0.370068
-0.9970433,0.5625565,0.05640248
-0.8501936,0.6808401,-0.3606085
-0.9626308,0.4740599,-0.5648949
-0.8652768,0.2873732,-0.4337049
-0.6222852,0.005713429,-0.3655169
-0.4325071,-0.003315674,-0.4278366
0.0755878,0.1632863,-0.3730202
0.5904127,0.1260996,-0.301095
0.644441,0.2563745,-0.1140983
0.3663637,0.5709753,0.4542459
0.05339985,0.7407969,0.7711288
-0.2801119,0.6441742,0.1469997
-0.532607,0.4230672,-0.4977697
-0.2724151,0.2358297,-0.3124955
-0.07166161,0.01222569,-0.2966856
-0.3543989,-0.00390639,-0.6227025
-0.4251178,-0.04583221,-0.437113
-0.2676885,-0.3566092,-0.3919873
-0.1788445,-0.3011921,-0.5185031
-0.1366579,-0.2762955,-0.1631464
-0.1095505,-0.5256171,0.1014587
-0.09256784,-0.4360751,0.234814
-0.1835637,-0.386299,0.3061485
-0.2926372,-0.2832563,0.2488493
-0.4403313,-0.02710544,0.3391574
-0.513123,-0.0281462,0.2471304
-0.3380256,0.04368626,0.1885927
-0.2660944,0.09394416,0.3038209
-0.2747678,0.2371412,0.256606
-0.1263414,0.5394564,0.2481575
0.06462465,0.43759,0.1781808
0.1372056,0.2492016,0.1414101
-0.1147757,0.1120939,0.1690941
-0.5104953,0.03185395,0.002237946
-0.776585,0.2641326,-0.2239678
-0.9343682,0.444747,-0.6586171
-0.9191853,0.4659586,-1.036122
-0.850444,0.3218939,-0.945276
-0.7681915,-0.1183884,-0.6238251
-0.4650819,-0.4942844,-0.2778051
-0.09851938,-0.321805,-0.1805233
0.1271182,0.1143031,-0.1904165
0.09392683,0.1709014,-0.08448851
-0.3407485,0.1459901,-0.1029735
-0.9075423,0.2207557,-0.0436552
-1.206226,0.1607861,0.1420498
-1.101119,0.09723627,0.2655547
-0.9143348,-0.07148945,0.4101797
-0.9567378,-0.1375668,0.3477274
-0.9053269,-0.03307168,0.1502873
-0.7591102,-0.03319253,0.01961233
-0.6600686,0.1093245,-0.2182959
-0.529866,0.211858,-0.3917696
-0.4915792,0.1365079,-0.4840923
-0.2110229,0.05474993,-0.5315601
0.3164437,-0.2287193,-0.3906102
0.8141549,-0.5925513,-0.2299946
1.276212,-0.731141,-0.05013792
1.369586,-0.3681067,0.02576365
1.39075,0.2406737,0.002816478
1.477062,0.4897246,0.1625257
1.280484,0.5560834,0.1849203
1.013559,0.4405032,-0.05966655
0.6764718,0.1407659,-0.2770081
0.5501325,0.169634,-0.2793332
0.6957789,0.2231721,-0.2200919
0.6213032,0.03788253,-0.3284522
0.5883258,-0.09111194,-0.2452028
0.6548579,-0.2741618,-0.07345801
0.6957041,-0.4183765,-0.003361212
0.7895744,-0.4177351,0.252332
0.7539737,-0.5644782,0.4141443
0.7220871,-0.8062452,0.5168574
0.7298049,-0.8577928,0.6070005
0.7266096,-0.7198757,0.4670645
0.8113322,-0.6001851,0.4102705
0.8392331,-0.4166516,0.3390534
0.828603,-0.1035519,0.2416875
0.7974989,0.09302946,0.2616324
0.6971771,0.1518363,0.1794338
0.4980628,0.07831451,0.1520046
0.1252115,-0.02124399,0.1297766
-0.13862,-0.003830845,0.0008218001
-0.1722018,-0.01559393,-0.1735718
-0.1167808,0.04716865,-0.4394583
0.1801419,0.1075364,-0.4639516
0.5509794,-0.1592101,-0.3415108
0.4751598,-0.5457471,-0.3732886
0.1570685,-0.6588073,-0.328549
0.1231496,-0.4122809,-0.2447454
0.3308312,-0.06260497,-0.009791713
0.6644815,0.1345958,0.4634466
0.7583734,0.115042,0.5602005
0.2621243,0.01635672,0.3242954
-0.2655833,-0.04925333,0.3096474
-0.3756289,-0.3175108,0.3632064
-0.2156359,-0.5332358,0.3846719
-0.07161012,-0.347678,0.4360178
-0.006114053,-0.1840957,0.2796432
0.09452417,-0.08697755,-0.02703427
0.07001758,0.04714242,-0.232009
0.2106693,-0.04177716,-0.2736538
0.6994502,-0.278983,-0.2176157
1.115911,-0.472125,-0.1896098
1.442815,-0.3814548,-0.1092668
1.626953,-0.04104276,0.1122227
1.694104,0.2524622,0.3173881
1.640793,0.4474281,0.3233232
1.211188,0.2648501,0.06920678
0.9163342,-0.003618067,-0.1633154
1.003094,0.1798673,-0.107493
0.841808,0.2153806,-0.09858949
0.37104,0.06234605,-0.267049
0.1130048,0.05645985,-0.2297141
0.09809267,-0.2003324,-0.07693259
0.2281957,-0.4182803,0.04353411
0.6097322,-0.3771287,0.2582903
0.8616537,-0.4499628,0.4105618
0.993482,-0.5528665,0.5360697
1.223132,-0.5959226,0.6194624
1.223974,-0.5849985,0.4988333
1.221011,-0.4582301,0.4414219
1.250803,-0.2387025,0.4334743
1.109936,0.007643109,0.3354931
1.018115,0.16667,0.2318845
0.8558594,0.139318,0.07421533
0.6297725,-0.08490982,-0.02389513
0.2341108,-0.2823142,-0.06599308
-0.3282819,-0.2918302,-0.2368435
-0.3662913,-0.1853068,-0.5084371
0.1201746,-0.1070783,-0.6670485
0.4446601,-0.1700651,-0.6013624
0.2468153,-0.2690111,-0.56307
0.07020834,-0.3360742,-0.5049585
0.4134447,-0.2654663,-0.1802643
0.5798139,0.04398685,0.2079321
0.4106461,0.2384885,0.4583938
0.3474087,-0.01837179,0.5833188
0.2184553,-0.4177918,0.687011
0.0812373,-0.4669431,0.7209371
0.08751777,-0.4025515,0.6273524
0.1410382,-0.3714575,0.5127202
0.1693949,-0.1437731,0.2431288
0.1065624,-0.1108746,-0.06022265
0.03786395,-0.1854116,-0.1240708
0.09416241,-0.1597365,-0.1301803
0.5025615,-0.4915568,-0.1421575
1.152526,-0.7604677,-0.128646
1.473544,-0.5434097,-0.1197298
1.577592,-0.317581,0.01981699
1.761722,-0.1980168,0.3160612
1.677875,0.09702784,0.5563297
1.462305,0.3090322,0.4958106
1.400996,0.1502527,0.2174083
1.187347,0.1320434,0.005604729
1.030232,0.1345018,-0.05060071
0.8726207,-0.1645671,-0.1136049
0.2687343,-0.2250372,-0.289821
-0.00924839,-0.2424964,-0.238087
0.2837781,-0.4314006,0.01759939
0.5062653,-0.4493612,0.1052801
0.8291632,-0.3911048,0.2426178
1.149014,-0.3520708,0.3760112
1.188137,-0.3562492,0.3573228
1.199468,-0.2941591,0.37996
1.112282,-0.157834,0.3048281
0.9082151,-0.1153597,0.2430364
0.7346146,-0.03361054,0.2566868
0.4853387,0.1155537,0.1811753
0.2713172,0.1868918,0.1501827
0.02443347,0.02780389,0.08926587
-0.5351512,-0.1816912,0.02436413
-0.896402,-0.136496,-0.01744797
-0.6776916,0.004557895,-0.2591044
-0.254408,0.2122534,-0.5756446
0.1625897,0.3807308,-0.689817
-0.06586423,-0.2559938,0.6995965
-0.03344842,-0.7664545,0.7026586
0.1487765,-0.8003067,0.7451816
0.2058423,-0.534023,0.5319714
0.1953745,-0.211512,0.232428
0.2142686,0.1250848,-0.03363154
0.01536301,0.296436,-0.4251498
0.05539795,0.2674604,-0.4414003
0.4192058,-0.2533542,-0.3205192
1.071606,-0.8378409,-0.2951756
1.510122,-0.4457893,-0.2103529
1.258867,0.2177385,-0.1862481
1.05792,0.4810093,-0.0898451
0.851628,0.8148265,-0.07817894
0.5964465,0.4685383,-0.1577603
0.916332,-0.1997622,-0.2202435
1.275418,0.153144,-0.3367447
1.171417,0.2800391,-0.4068133
0.7292466,-0.08862905,-0.540623
-0.05802664,0.01426113,-0.5382339
-0.588371,-0.2081107,-0.2880162
-0.3634147,-0.5235598,0.03156078
-0.09719341,-0.4887844,0.2841418
-0.03056551,-0.6309221,0.3058855
0.2023182,-0.7658719,0.5206549
0.2458455,-0.8788752,0.7493032
0.167487,-0.7796671,0.5522755
0.2345467,-0.400414,0.3556014
0.240157,-0.09272883,0.109169
0.232177,0.1432187,-0.06744068
-0.07837885,0.0951365,0.08813056
-0.6948605,0.07990995,0.08611819
-0.9131066,0.1801891,-0.1057094
-0.7732508,-0.01951441,-0.2513077
-0.7491886,-0.1260786,-0.3605146
-0.7977318,-0.07548657,-0.4471125
-0.6686743,0.2396436,-0.6448744
-0.4350744,0.6674512,-0.7744912
-0.2075638,0.3213703,-0.6144807
-0.06779675,-0.1762655,-0.4030921
-0.0601397,-0.1406645,-0.2896633
0.1412486,-0.05816711,-0.2090552
0.379899,0.1144458,0.09827962
0.4594793,0.2908373,0.6272604
0.5072104,0.1931356,0.6984392
0.2886693,0.01849607,0.5929435
0.1691511,-0.2323176,0.9485974
0.2653263,-0.5358434,1.091332
0.1839622,-0.6939508,0.9923103
0.1625396,-0.6754926,0.9877667
0.1284773,-0.4436708,0.6604928
0.01178085,-0.03156133,0.2193724
-0.1700849,0.2435143,-0.1883522
-0.4219585,0.2188989,-0.4827291
-0.2953235,0.1192058,-0.3761552
0.1305049,-0.1626626,-0.2714904
0.5567697,-0.5360721,-0.2226929
0.6951895,-0.2943865,-0.1486295
0.4719994,0.07736599,-0.2189493
0.3793198,-0.05309866,-0.147722
0.183497,0.1386569,0.1514685
-0.2199725,0.4651461,0.5613568
-0.320908,0.205407,0.6578619
-0.2111686,-0.01463863,0.06438913
0.0740169,0.003779571,-0.4409293
0.4636334,0.07579041,-0.3317753
0.4853342,0.2548937,-0.2285502
0.005467678,0.2105915,-0.3889219
-0.6164254,0.0409894,-0.3896815
-0.8505672,-0.06156608,-0.1870765
-0.7370398,-0.2272291,0.0395182
-0.6060796,-0.2807672,0.2858155
-0.4474023,-0.1844311,0.3191081
-0.3815072,-0.08183349,0.2209722
-0.4213489,-0.04493243,0.2049294
-0.4052219,-0.02854598,0.08554807
-0.469258,0.04499973,0.02536635
-0.6760524,0.0377081,0.1147756
-0.9499403,0.1090618,0.1748143
-1.175673,0.3761785,0.1923689
-1.197824,0.4892734,0.05186359
-1.177211,0.3621147,-0.1534925
-1.209021,0.2069618,-0.2085261
-1.181489,0.2227227,-0.1868084
-1.208538,0.3156461,-0.299063
-1.223409,0.3313788,-0.5168338
-1.090486,0.3237796,-0.5668723
-0.8887076,0.1690103,-0.5099642
-0.5587386,-0.03607807,-0.4390043
-0.253021,-0.06765282,-0.3107954
-0.2700564,0.07163254,-0.3039573
-0.4334603,0.4163122,-0.338954
-0.4476999,0.6868741,-0.2182073
-0.4753872,0.5804085,-0.04810165
-0.8275559,0.3653068,0.1381634
-1.417494,0.3056938,0.372729
-1.733912,0.1983287,0.5400692
-1.506352,0.07747742,0.5702914
-1.27929,0.154873,0.5402438
-1.243123,0.2321069,0.4646513
-1.151614,0.39539,0.254584
-1.359933,0.64734,0.001147091
-1.540751,0.6743291,-0.1486685
-1.199252,0.532344,-0.2271283
-0.7866282,0.2652764,-0.2484066
-0.4297096,0.1298626,-0.2786259
-0.1356062,0.202118,-0.3998964
0.06657621,0.1038921,-0.519633
0.1750403,0.02462816,-0.4870624
-0.03392935,0.268235,-0.1307543
-0.2625946,0.6538341,0.1730962
-0.3110077,0.7142454,-0.2032237
-0.322653,0.3086265,-0.6320325
-0.2792596,0.0144461,-0.4416685
-0.3151512,0.1711973,-0.3722778
-0.4979596,0.3187958,-0.5788608
-0.7460956,0.1267774,-0.5632077
-0.8492693,-0.05788725,-0.6078894
-0.685814,-0.178466,-0.5815258
-0.4778758,-0.2688891,-0.324441
-0.3066784,-0.1738362,-0.204283
-0.2741259,-0.2802181,0.009473087
-0.4271582,-0.4570935,0.2619703
-0.5204215,-0.4561744,0.3303175
-0.6120342,-0.5217974,0.4053092
-0.6844468,-0.3994806,0.3819222
-0.574824,-0.1929801,0.34904
-0.5310107,0.03142546,0.3112883
-0.640383,0.5073866,0.1173626
-0.8509374,0.8223174,-0.06972969
-1.12801,0.8247975,-0.3154331
-1.219616,0.5575774,-0.529683
-1.230208,0.1106819,-0.508598
-1.327059,-0.03398419,-0.4333945
-1.237445,0.1993503,-0.4493957
-0.886073,0.3453427,-0.5590212
-0.6001757,0.1394591,-0.6572793
-0.6469916,-0.05305381,-0.6200321
-0.7650525,-0.07042666,-0.5597846
-0.6249467,-0.03074153,-0.5760426
-0.43269,0.2867342,-0.4419407
-0.2812314,0.5744182,-0.1557322
-0.2928938,0.4300246,-0.02372204
-0.6518417,0.1766552,0.05294602
-0.8514204,-0.03727529,0.2239023
-0.7511927,-0.2385532,0.3980343
-0.7046684,-0.3691737,0.5682011
-0.6892055,-0.4703313,0.641908
-0.7011083,-0.4319157,0.5139812
-0.6620013,-0.2859519,0.3551707
-0.5577107,-0.1136731,0.2701861
-0.4823266,0.1861303,0.03559339
-0.4628934,0.3974046,-0.3304428
-0.4767548,0.4100935,-0.5403704
-0.2417989,0.2330282,-0.5143052
0.1797017,-0.3060838,-0.3207637
0.6256605,-0.7214297,-0.170072
0.973115,-0.309915,-0.1020958
0.9619785,0.5725254,0.1185299
0.799671,0.938995,0.3951634
0.5452023,0.6179556,0.3612757
0.373493,0.2087852,0.08317266
0.5716782,0.05629883,-0.1042049
0.7137571,0.1018215,-0.2103342
0.6088207,0.01392983,-0.2786064
0.2241269,-0.2221434,-0.3245524
-0.2419188,-0.3284825,-0.2712103
-0.1607783,-0.3845505,-0.02132335
0.1132979,-0.4310014,0.0627324
0.1764756,-0.4218,0.1399239
0.4261473,-0.4672596,0.3971785
0.6287226,-0.5752284,0.3887524
0.5909518,-0.5793292,0.3193027
0.6301694,-0.4367376,0.3062902
0.5073481,-0.228207,0.2425099
0.2169411,0.03880131,0.2763592
0.02288448,0.1917238,0.2040077
-0.1414978,0.1525229,0.09969536
-0.247018,0.04032931,0.08136682
-0.4708134,-0.06832041,0.03929896
-0.7242928,-0.02986543,-0.004274752
-0.7072851,0.08394617,-0.212689
-0.5561687,0.1262383,-0.5116318
-0.2385387,0.09038666,-0.5963859
0.1316387,-0.0979281,-0.5028706
0.2099192,-0.4195226,-0.4343605
0.1534152,-0.5943565,-0.3064505
0.2385676,-0.2659937,-0.01142271
0.238772,0.2476854,0.2603481
0.09590663,0.3180097,0.4562646
0.002041008,0.163002,0.4885881
-0.2296742,0.0735305,0.4266164
-0.330391,-0.1102891,0.5152429
-0.2250539,-0.3434416,0.5556625
-0.2834899,-0.4556025,0.5676858
-0.2405726,-0.3616514,0.5430123
-0.2232196,-0.1963363,0.2719697
-0.3230933,-0.06091496,-0.008482008
-0.2876468,0.09592245,-0.2292045
-0.1572695,0.03346001,-0.3249133
0.2662567,-0.3834363,-0.2810822
0.7005752,-0.7169568,-0.3219922
0.8330538,-0.4005193,-0.2468757
0.8979041,0.2042625,-0.008564482
0.8589164,0.4844905,0.2277975
0.753042,0.765095,0.241669
0.6315015,0.7307261,-0.1639099
0.4957492,0.3487506,-0.4363334
0.4170432,0.4615258,-0.3225124
0.05561184,0.3901057,-0.2724538
-0.5404261,0.1231613,-0.3061973
-0.5765947,0.1467974,-0.1689487
-0.2740853,-0.192478,0.01272438
-0.2781703,-0.3016019,0.004669688
-0.06371219,-0.2333825,0.12023
0.2231948,-0.4674186,0.4102414
0.1364534,-0.326253,0.4518109
0.1237582,-0.3092726,0.3942598
0.04771971,-0.3722213,0.3998843
-0.01977988,-0.1044122,0.4025088
0.04315853,-0.01901884,0.4504676
-0.1573313,0.1610827,0.494398
-0.3584079,0.371919,0.5074665
-0.4571825,0.4018977,0.4675251
-0.5211349,0.419509,0.378573
-0.6808668,0.3513891,0.1874149
-1.002449,0.3481531,-0.05103598
-0.9405641,0.24661,-0.1103179
-0.8207908,0.200616,-0.2071028
-0.9302168,0.5006507,-0.5403186
-0.8734277,0.6948056,-0.8263063
-0.9351762,0.5402689,-0.8860231
-1.036981,0.1049137,-0.8594779
-1.062001,-0.1804684,-0.8186186
-1.27735,0.001033511,-0.6896841
-1.305521,0.2800778,-0.5980858
-1.071163,0.3584383,-0.3785469
-0.9941037,0.3332936,0.1061337
-1.328838,0.4728322,0.2395524
-1.84507,0.5951108,0.1065104
-1.864632,0.3689477,0.3081383
-1.573762,0.04764746,0.544155
-1.447783,0.003851119,0.5557027
-1.350826,0.1865262,0.4196334
-1.334995,0.3524358,0.1678807
-1.222138,0.524838,-0.02879232
-0.9499494,0.6092889,-0.1989459
-0.8934444,0.5720428,-0.3669608
-0.8439503,0.5645669,-0.4299369
-0.7065303,0.4287934,-0.5016923
-0.7180014,0.2693005,-0.6694041
-0.7636086,0.1755275,-0.8438716
-0.7369509,0.05618731,-0.8536264
-0.5422406,-0.05068097,-0.6421197
-0.1286459,-0.2522418,-0.348304
0.2329979,-0.3025497,-0.07523064
0.3737992,-0.09606232,0.1494028
0.5639462,0.2175949,0.2956232
0.8320508,0.5597947,0.2595757
0.8984777,0.3808684,0.1086461
0.8537162,0.04614906,-0.02663044
0.6585061,0.1689858,-0.2353435
0.3294302,0.06883689,-0.2404287
0.05255635,-0.1207817,-0.0606319
-0.232289,-0.1364143,-0.1556739
-0.09134452,-0.481794,-0.2088526
0.2344193,-0.6554824,-0.1605475
0.1846053,-0.6297745,-0.1058546
0.3792919,-0.7984325,0.2103648
0.5050074,-0.7699987,0.3771384
0.3096355,-0.8175077,0.4944027
0.4231732,-0.9256792,0.7423739
0.4572133,-0.7250356,0.7001873
0.5033142,-0.5263521,0.6361201
0.6972305,-0.2243447,0.5375783
0.6366671,0.1035707,0.2866097
0.5807492,0.1867072,0.2048272
0.3972218,0.3168116,0.1590948
0.1956062,0.5310158,0.1039904
0.3144854,0.574211,0.05864824
0.2753977,0.2808596,-0.09208333
-0.1093226,-0.08457146,-0.3306599
-0.4611767,-0.1501276,-0.5940127
-0.341154,-0.04741087,-0.7226804
0.02459597,0.01356741,-0.6828771
0.09763683,-0.03770712,-0.6296389
-0.07672621,-0.1218577,-0.7780961
-0.2211637,-0.1536326,-0.8300827
0.1467264,-0.09609068,-0.2999868
0.7066097,0.1242017,0.3069284
0.5742645,0.3157022,0.3645754
0.007107543,0.293941,0.1761449
-0.5094645,0.1617515,0.2418523
-0.6005909,-0.00935484,0.4200927
-0.2820449,-0.3051922,0.5617593
-0.2193664,-0.517912,0.7536271
-0.1331111,-0.4214554,0.6801803
0.07827794,-0.3229289,0.4549964
0.02223262,-0.1806783,0.2337847
0.0473886,0.07925727,-0.1616813
0.08135405,0.162484,-0.3644153
0.2363777,0.07429186,-0.3546253
0.8779191,-0.4809295,-0.2215022
1.540902,-1.108516,-0.02255554
1.857224,-0.7999278,-0.09087473
1.806355,-0.2417338,-0.04516224
1.642209,0.03429052,0.2580896
1.394819,0.4943998,0.5029237
1.046061,0.4628862,0.5277412
1.047279,-0.02832677,0.1807894
1.156866,-0.02591752,-0.05259173
1.102247,0.1061162,0.0265807
0.967198,0.1486577,-0.05957312
0.6383764,-0.01584969,-0.2327006
0.4177659,-0.4447994,-0.154718
0.4309083,-0.4600788,0.02553349
0.645445,-0.530274,0.08851283
0.981104,-0.676907,0.2135736
1.041537,-0.4689003,0.3334123
1.050194,-0.5245558,0.3178705
1.21743,-0.4180642,0.3254224
1.233413,-0.1498141,0.2328412
1.156371,-0.1987576,0.1492089
1.03596,-0.07024708,0.1949872
0.7224619,0.1196891,0.1751603
0.4450855,0.3032073,0.1448029
0.3582819,0.3189488,0.09339325
0.1761083,-0.02812069,0.01694898
-0.1396848,-0.2305211,-0.09341362
-0.301179,-0.261125,-0.2868894
-0.2089139,-0.1332609,-0.3940169
0.05700964,-0.02094029,-0.3739134
0.268811,-0.1176296,-0.2930926
0.1887615,-0.109777,-0.2134311
0.07889849,-0.1216502,-0.1372996
0.2868805,-0.04650463,-0.08653777
0.5463838,0.1906688,0.03712375
0.6988259,0.2506039,0.3473319
0.7335119,0.2220972,0.3923446
0.3827887,0.0700206,0.2783069
-0.01834887,-0.2105845,0.4546192
-0.07650533,-0.4292813,0.5748816
-0.07808306,-0.4735145,0.6134765
-0.1367276,-0.2177,0.5955837
-0.09743195,0.1207298,0.3072014
-0.03390181,0.3093359,-0.1219169
-0.1527351,0.3558015,-0.5174198
-0.170589,0.1920761,-0.4790243
0.3376025,-0.3672568,-0.2050707
1.036644,-0.8810106,-0.1909731
1.390112,-0.4341779,-0.1114201
1.450499,0.3229077,0.1022785
1.545952,0.4438172,0.3371602
1.547285,0.5430973,0.3963594
1.342199,0.5118636,0.08313843
1.153174,0.1807223,-0.1046245
0.9048547,0.2522469,-0.1563939
0.667749,0.05153921,-0.2179857
0.4459743,-0.4508723,-0.1675108
0.1946229,-0.3508889,-0.1425594
0.2925895,-0.3406385,0.01058755
0.4799282,-0.4760378,0.1001465
0.5911504,-0.3433823,0.1581047
0.8830149,-0.3999359,0.4467642
0.9708254,-0.414589,0.4645375
0.93716,-0.3303705,0.387814
1.02412,-0.3129978,0.4385761
0.9512084,-0.1307262,0.3783692
0.7618017,0.02939142,0.4056117
0.448707,0.1557453,0.3929953
0.1796146,0.2190623,0.286512
0.09941786,-0.07567362,0.1561124
-0.1895217,-0.4073542,-0.02781106
-0.4453133,-0.3916183,-0.1108357
-0.2532082,-0.1524547,-0.2875745
0.1027594,0.1363277,-0.5063519
0.3171515,0.3201265,-0.5444855
0.2040925,0.1920879,-0.5733274
-0.08821894,-0.1258599,-0.5632994
-0.06761611,-0.297457,-0.4748154
0.3231698,-0.2123542,-0.3549447
0.7144639,0.0760552,-0.04809683
0.7120886,0.2521016,0.400313
0.2868744,0.1105218,0.6003745
-0.492064,-0.06323755,0.6500223
-0.4352461,-0.002894711,0.4976641
-0.4149995,0.09073336,0.3007774
-0.6197503,0.2297187,0.01148323
-0.7766482,0.3632566,-0.292584
-0.7540613,0.2818958,-0.2702009
-0.506128,0.08549843,-0.1909542
-0.04397407,-0.2375648,-0.2786756
0.1948892,-0.3809399,-0.2670615
0.4764178,-0.20266,-0.2107689
0.8444461,-0.06212915,-0.06994019
0.6723876,0.1047112,0.224897
0.4802293,0.2354163,0.291031
0.3503402,0.3125782,0.07724667
0.156302,0.4987709,-0.1078951
0.7156267,0.5910791,-0.1955826
1.247087,0.6517293,-0.2453992
0.6981352,0.4750664,-0.2737844
-0.0520651,-0.06852707,-0.2683423
-0.2692764,-0.354812,-0.1615821
-0.06205477,-0.5373857,0.04772009
0.2890613,-0.7037128,0.2131818
0.4290442,-0.5823641,0.3414029
0.4233091,-0.6332791,0.4202588
0.4520615,-0.5096128,0.287058
0.4527036,-0.02116157,0.1208521
0.4514369,0.1636976,0.06719034
0.3095859,0.2190766,0.06075485
-0.08775644,0.2673131,0.147243
-0.4334329,0.2514431,0.1846072
-0.4993128,0.1511776,0.1253844
-0.6338987,-0.1333225,0.05929414
-1.165046,-0.1449442,-0.06291076
-1.360796,0.05514073,-0.221474
-0.7845214,0.1201777,-0.396149
-0.3653307,0.1205603,-0.3891371
-0.5261475,0.07335912,-0.2325212
-0.5886885,0.09146002,-0.2203582
-0.1944333,0.01967362,-0.1164548
0.1308191,-0.07286941,0.08351591
0.1725872,0.1218996,0.2169786
0.1349514,0.2408754,0.4108946
-0.1052302,0.08727641,0.4309751
-0.3374619,-0.05157769,0.3738311
-0.4283045,0.001001838,0.4289947
-0.4438346,0.1338419,0.3522754
-0.4268716,0.2489277,0.2764683
-0.624442,0.3440035,0.1808436
-0.792126,0.231251,-0.02510538
-0.8216584,0.1037053,-0.1010114
-0.7450029,0.03817684,-0.1195427
-0.4976575,-0.3259151,-0.178049
-0.2502038,-0.5958366,-0.2608491
0.3264284,-0.4135053,-0.2374753
0.9054496,-0.2536837,0.01056462
0.7623494,-0.2527478,0.3233836
0.4105228,-0.03030008,0.513025
0.2053944,0.2214701,0.2231408
0.08212738,0.07181991,-0.3106366
0.3087947,-0.02962152,-0.4695788
0.5560503,0.2260329,-0.4388297
0.3376212,0.3386016,-0.3645317
0.02190405,0.1658165,-0.246199
-0.2555659,0.01487915,-0.09363317
-0.4809266,-0.03249728,0.1406228
-0.2878512,-0.1152449,0.1902407
-0.04621368,-0.153529,0.1882357
0.09253564,-0.06977435,0.2273943
0.2546501,0.001361942,0.1475043
0.1278867,0.2258998,0.08810324
-0.02689809,0.5635603,0.06063139
-0.2709723,0.6815602,0.179569
-0.7189798,0.6820114,0.3701333
-0.8605622,0.6449705,0.372893
-0.9251811,0.5717662,0.306255
-1.066522,0.4944616,0.203569
-1.168131,0.3363171,0.1161908
-1.427668,0.2678071,0.1063945
-1.591238,0.2788032,0.09394426
-1.56503,0.2414404,0.008510733
-1.508917,0.3211714,-0.2714448
-1.238989,0.3644474,-0.6549718
-0.8813401,0.1345619,-0.7988552
-0.8397112,-0.03158994,-0.4972786
-0.9150031,0.2736681,-0.2031517
-0.8336505,0.7075538,-0.2568403
-0.9100304,0.7980622,-0.149504
-1.081845,0.80585,0.157809
-1.278073,0.7649047,0.3965529
-1.757956,0.5005992,0.6765359
-2.139278,0.3399765,0.8346114
-2.167841,0.3155852,0.8601525
-1.862745,0.3181203,0.8156959
-1.423531,0.3681061,0.6201499
-1.391284,0.3624139,0.3886689
-1.49053,0.4335021,0.06239301
-1.407919,0.4920016,-0.1336649
-1.312739,0.2740109,-0.01387626
-1.107193,-0.182798,0.004212539
-0.7205048,-0.5510226,-0.05807523
0.026998,-0.1538184,-0.08453384
0.7254932,0.7358109,-0.2772728
0.5962809,1.00166,-0.5159898
0.1268398,0.4671467,-0.4985023
-0.1443107,-0.1672401,-0.008493452
-0.319555,-0.09937612,0.4611281
-0.1798787,0.4305761,0.1151331
-0.01352429,0.6068574,-0.5135858
-0.1126279,0.4274597,-0.5535202
-0.1282475,0.1067779,-0.2231062
-0.408645,0.02526015,0.04131536
-0.9795839,0.0901533,-0.1122562
-1.133984,-0.124629,-0.416365
-0.8973275,-0.2741045,-0.2947761
-0.5247557,-0.4116985,-0.2287937
-0.2096311,-0.4803809,-0.1750571
-0.1494265,-0.3390606,0.1481629
-0.3176897,-0.2604846,0.1937892
-0.4919883,0.1289999,0.1702968
-0.4538656,0.5645384,0.12273
-0.3627348,0.6383451,-0.04694764
-0.2498632,0.5763073,0.005889875
-0.2211066,0.3570496,0.02779912
-0.441671,0.3235248,0.02863178
-0.6649903,0.5476887,0.03511541
-0.8706608,0.7255056,-0.09859632
-1.055357,0.6005049,-0.1796206
-1.30253,0.1619656,-0.2195348
-1.641792,-0.03153574,-0.1967378
-1.734296,-0.001381266,-0.2806573
-1.648117,0.01415037,-0.5767312
-1.41114,-0.06805152,-0.8502615
-1.154887,-0.2163647,-0.9604165
-1.093957,-0.1306998,-0.7170583
-0.6609385,-0.07403616,-0.3499258
-0.05038163,0.1101512,-0.06003642
-0.1611643,0.5230756,0.1767826
-0.4712566,0.5370834,0.1236468
-0.5154143,0.4029576,0.1252965
-0.8851544,0.3283363,0.3837582
-1.0789,0.06715853,0.5219057
-0.8498234,-0.1979681,0.6537525
-0.9570075,-0.3520324,0.7405814
-0.9379585,-0.3656744,0.6103588
-0.7557741,-0.1697397,0.5158755
-0.8034233,0.1214647,0.367258
-0.7054284,0.3030008,0.03310035
-0.7111642,0.4031519,-0.2383043
-0.6885928,0.4407285,-0.3589475
-0.330207,0.302439,-0.3691556
0.1907219,-0.03001663,-0.3425806
0.7676252,-0.4332811,-0.3505258
1.04202,-0.4449426,-0.3086942
1.213904,-0.2105489,-0.07574719
1.204266,-0.09949968,0.3253022
0.8439543,0.2910197,0.4743594
0.6063292,0.4915587,0.1241162
0.3054987,0.1867517,-0.3025669
0.3241188,0.1691945,-0.4404133
0.6157474,0.2052839,-0.3606538
0.3559335,0.05125156,-0.2761002
0.2090609,-0.0357738,-0.2523233
0.2042612,-0.2672332,-0.1416808
0.2239468,-0.482407,-0.002611293
0.7227639,-0.5088196,0.04250509
0.945512,-0.4216581,0.07398806
1.008224,-0.3191545,0.06597434
1.177601,-0.2720492,0.05349499
1.038751,-0.1680215,0.0828168
0.8520049,-0.1077467,0.1009345
0.3338116,0.05803675,0.1716097
-0.238069,0.2812591,0.2014642
-0.2948057,0.1937593,0.1367664
-0.4017077,0.0231592,0.111547
-0.6873016,-0.1566746,0.1131345
-1.061158,-0.2332222,0.07208567
-1.186553,-0.07112825,-0.1152897
-0.6197584,-0.05657844,-0.3736593
-0.06146761,-0.2045227,-0.4543555
-0.1264805,-0.3182185,-0.4098095
-0.2690071,-0.28652,-0.3450323
0.01552649,-0.1301018,-0.2100977
0.3116208,0.001032634,-0.0730277
0.4119163,0.2400971,0.1029817
0.2879931,0.4039752,0.3575307
-0.1265593,0.2559891,0.4357959
-0.3161056,0.02498609,0.4800833
-0.4512305,-0.2391369,0.6881777
-0.5903554,-0.3793646,0.7018888
-0.4228122,-0.1297801,0.542764
-0.4632405,0.1998694,0.3105939
-0.5098948,0.2715427,-0.03629376
-0.3819881,0.196524,-0.1049317
-0.2175031,0.03683643,0.03085398
0.299278,-0.3244953,0.006348972
0.7160573,-0.6396706,-0.1125175
1.032428,-0.4228783,-0.2661541
1.540042,-0.1451134,-0.315137
1.644909,-0.4504416,-0.1159565
1.294126,-0.5673706,0.2122436
0.9370754,-0.1739406,0.321996
0.7432482,0.05401482,-0.1285319
0.6179836,0.163266,-0.5884981
0.6010847,0.2427721,-0.3615282
0.5852033,0.2274033,-0.1601599
0.08830278,0.2100808,-0.361391
-0.3543459,0.1112791,-0.2347705
-0.07890387,-0.07902596,-0.009724092
0.2956034,-0.2774895,0.0350781
0.4396146,-0.2221607,0.2115793
0.5882313,-0.1073358,0.2886784
0.5652158,-0.1406807,0.3172021
0.3866073,0.04257959,0.3586619
0.2810647,0.1591031,0.3090559
0.1231632,0.09971111,0.3548094
-0.008405762,0.1402142,0.3383139
-0.07450621,0.1112293,0.3617268
-0.2202709,0.12743,0.4535478
-0.332017,0.2145144,0.3505951
-0.6187728,0.2912386,0.2597776
-0.9996833,0.3767194,0.1652629
-1.090517,0.3434065,0.06265221
-1.118056,0.293539,-0.002785936
-1.27251,0.2615246,-0.127668
-1.570447,0.3026963,-0.1440581
-1.666895,0.3849061,-0.2687425
-1.314665,0.2478011,-0.5565795
-1.03952,0.133826,-0.6209311
-1.02355,0.1963781,-0.5544681
-1.014141,0.2529506,-0.5189778
-0.917857,0.3698746,-0.44217
-0.9330961,0.4955394,-0.2570096
-1.140405,0.510087,0.03331791
-1.403121,0.5262239,0.3274585
-1.793959,0.5714952,0.4959236
-1.89196,0.5253504,0.5220076
-1.584242,0.3816763,0.5418658
-1.412507,0.2143034,0.4955106
-1.329455,0.1672483,0.345746
-1.304304,0.2516609,0.2007223
-1.259872,0.2351622,-0.0007598264
-1.049099,0.2186729,-0.1616655
-0.8641289,0.2437257,-0.2990698
-0.7060361,0.1635358,-0.5198981
-0.6706098,0.1853211,-0.6084119
-0.692071,0.2223665,-0.6151155
-0.5780896,0.1680219,-0.6015463
-0.4995873,0.1258317,-0.473983
-0.5090833,0.006867051,-0.3649254
-0.5088007,-0.01548372,-0.296508
-0.3566859,-0.003645498,-0.2982462
-0.1350812,-0.1790875,-0.2707166
-0.06710513,-0.4534847,0.05813616
-0.1139986,-0.6404501,0.4899939
-0.2069944,-0.164852,0.5811821
-0.2128119,0.4801988,0.2678407
-0.04524453,0.2157938,-0.01915205
0.334848,-0.05039243,-0.1357599
0.7089192,0.1199716,-0.4499085
0.5856986,-0.1469395,-0.7497911
0.3921521,-0.4907221,-0.4989127
0.5945955,-0.6927,-0.1390169
0.7138595,-0.7970873,-0.2767031
0.8172897,-0.6450595,-0.2795611
1.047466,-0.7990932,0.06097374
1.005493,-0.933564,0.1454525
0.8789588,-0.7914944,0.278848
0.7471438,-0.7342013,0.4053822
0.5244379,-0.4415909,0.3075659
0.5405777,-0.2365557,0.3261436
0.6298065,-0.07193781,0.1822607
0.6291602,0.3620927,0.03851722
0.5563888,0.5157484,0.07368392
0.2017789,0.5651434,0.01980629
-0.1784516,0.5773467,0.04070823
-0.3274232,0.3422976,-0.05346055
-0.4213244,-0.06727884,-0.1655081
-0.6074494,-0.48749,-0.1187605
-0.5453445,-0.3319761,-0.2506562
0.1275983,-0.04978291,-0.420292
0.6913263,-0.05204934,-0.4906695
0.5010906,0.1287606,-0.5016388
0.2976037,0.07455936,-0.3833645
0.6040195,-0.05571108,-0.05460365
0.6908715,0.1872064,0.3033849
0.4206759,0.2702047,0.3034841
0.1839154,0.2203801,0.2521334
-0.2638987,0.03851385,0.3762505
-0.436902,-0.4091295,0.3949762
-0.1512866,-0.6377515,0.4081951
0.008250649,-0.5635728,0.451747
0.194487,-0.2997807,0.335846
0.14693,0.05465968,0.08147069
-0.03240769,0.1853051,-0.1291236
0.1920486,0.05766346,-0.1589645
0.4708539,-0.2135463,-0.1382259
0.8478314,-0.5566706,-0.2699331
1.229467,-0.6951098,-0.4624404
1.477165,-0.4204364,-0.4536551
1.802989,-0.2132838,-0.05734099
1.697761,-0.2480153,0.6001495
1.380678,0.03583762,0.8156926
1.205824,0.3734695,0.2728849
0.8971862,0.3455049,-0.2536454
1.124523,0.3495062,-0.2727821
1.473561,0.3897635,-0.1765758
0.904483,0.05756696,-0.2223233
0.2369378,-0.3893748,-0.2137166
0.01545864,-0.6087825,-0.05420661
0.3253449,-0.9157272,0.1343206
1.0372,-1.119809,0.2602749
1.34173,-0.8790647,0.2631791
1.529221,-0.6011923,0.1648219
1.683144,-0.3050324,-0.008472764
1.493917,-0.05272159,-0.1359916
1.353487,-0.1492918,-0.00434893
0.9020551,-0.1062624,0.1901295
0.3335789,0.2041842,0.2208773
0.1966274,0.2507391,0.1771082
-0.05924832,0.06949998,0.1279867
-0.5685714,-0.1671772,0.1391102
-1.146197,-0.3109766,0.08415724
-1.34617,-0.05447751,-0.1735291
-0.7920389,0.1813311,-0.436484
-0.2391938,-0.01705326,-0.5067931
-0.1406009,-0.1374922,-0.3570363
-0.1988686,-0.04658822,-0.1876345
-0.07792014,-0.1359989,-0.1291895
0.3727274,-0.2008002,-0.05774791
0.6762169,0.0590534,0.03493455
0.5261758,0.3053546,0.1468054
0.270527,0.228964,0.2714852
0.02061907,-0.01773373,0.3946056
-0.2886555,-0.2616299,0.5237385
-0.3764963,-0.377486,0.5103326
-0.2562864,-0.2436122,0.4176623
-0.2857488,-0.003001162,0.2635203
-0.3423057,0.1796545,-0.0489945
-0.2936839,0.2636848,-0.1919114
-0.1069657,0.1223812,-0.1258811
0.3902894,-0.2156581,-0.1449044
0.876041,-0.5487032,-0.2048308
1.270537,-0.5736045,-0.2209536
1.763914,-0.329578,-0.103389
1.864136,-0.1778869,0.196949
1.551793,0.08519803,0.3551798
1.188742,0.1983988,0.1044302
0.5950611,-0.02354041,-0.1347302
0.296806,0.09589991,0.02316684
0.5605676,0.1187259,0.06802894
0.4410292,-0.03287331,-0.2456896
0.1662409,0.05211534,-0.3964253
0.2484447,-0.2118536,-0.2476244
0.3158182,-0.5341658,-0.05506027
0.6127952,-0.6413496,0.04276693
0.9361594,-0.6960438,0.1521644
0.9474477,-0.6350342,0.3225345
0.9962298,-0.7304617,0.3203563
1.009362,-0.5603666,0.2204425
1.085227,-0.1206121,0.1521774
1.174575,0.07676429,0.08273357
0.9460315,0.1966589,0.1171386
0.585564,0.2062778,0.1432815
0.3229635,0.2001423,0.1299536
0.2234591,0.03902514,0.1487379
-0.1413665,-0.385314,0.1127972
-0.8143225,-0.4642697,0.03591051
-0.8627937,-0.153662,-0.2333209
-0.07274694,0.1439777,-0.5999471
0.5347182,0.08685717,-0.6205686
0.1370414,-0.2074344,-0.4618341
-0.2610693,-0.393265,-0.3297652
0.2352223,-0.4707902,-0.04164138
0.5225575,-0.1465507,0.09395561
0.4706497,0.2869048,0.008187928
0.6008908,0.2626563,0.1237981
0.3967578,0.09366883,0.2415717
0.1723157,-0.06074641,0.3331781
0.1950781,-0.1133885,0.4518349
0.2007636,0.007993481,0.2785776
0.2644217,0.1713577,0.08163386
0.1180759,0.3486616,-0.08491044
-0.05133859,0.3035293,-0.205582
0.07214036,0.04137423,-0.05096979
1.012306,0.07178197,-0.01339236
0.5874676,0.1591304,0.04699912
0.5110903,-0.1365169,0.1275627
0.2840494,-0.4894976,0.2709597
0.2330034,-0.4659436,0.2958419
0.4112308,-0.3417933,0.205939
0.2534178,-0.1464457,0.02466962
0.2085291,0.04526097,-0.2842118
0.1750473,0.03044675,-0.4146062
0.2476608,-0.2234191,-0.3092811
0.8169497,-0.6453809,-0.3383062
1.26636,-0.967361,-0.4272056
1.587461,-0.88967,-0.4712318
1.914181,-0.6222464,-0.5034476
2.084854,-0.4769389,-0.2455744
2.131216,-0.1403156,0.1753506
1.939183,0.2727954,0.275592
1.583537,0.2623127,0.001144485
1.06793,-0.06638241,-0.2318567
0.8810277,-0.2787555,-0.1995472
1.020552,0.1678095,-0.3180512
0.6484941,0.5944994,-0.5629415
0.2558414,0.02839315,-0.4898729
0.1695465,-0.523732,-0.2974456
0.2705155,-0.5128769,-0.09938226
0.7146774,-0.6299858,0.1231033
0.9596407,-0.6970966,0.2862162
0.9962465,-0.6086698,0.5610075
0.9158704,-0.6786442,0.6963517
0.7403976,-0.5665596,0.5760746
0.8124816,-0.1775397,0.461653
0.7886789,0.1632472,0.1805057
0.7134524,0.4389872,-0.02165664
0.5350662,0.4422259,0.06094265
-0.001027034,0.1642202,-0.01774392
-0.3779917,-0.1031813,-0.1363725
-0.701441,-0.2911042,-0.1168451
-1.055251,-0.2812131,-0.143878
-1.004538,-0.1976155,-0.1981692
-0.6745576,0.1605787,-0.4199604
-0.3324633,0.6608619,-0.6834693
-0.1149576,0.186851,-0.5586285
-0.05568004,-0.6489031,-0.3129217
0.02795399,-0.7767121,-0.2845578
0.3245489,-0.742337,-0.293646
0.6598648,-0.4434101,-0.2469617
0.7820056,0.1021992,-0.000468681
0.6845583,0.1961754,0.3568577
0.3523432,0.1489089,0.4134158
-0.1183189,0.08488083,0.4537931
-0.3905039,-0.24571,0.6646335
-0.2072585,-0.5219288,0.7004844
-0.003195466,-0.5391352,0.7113379
-0.01384165,-0.3393971,0.6690543
0.09071755,-0.05894717,0.386048
-0.006639076,0.1520448,0.1133248
-0.2465955,0.2223778,-0.1200938
-0.2313961,0.08002234,-0.2667379
0.03028883,-0.2273041,-0.3104308
0.4972396,-0.5582276,-0.4691447
0.6788586,-0.6138418,-0.5178979
0.8536766,-0.3162566,-0.1844189
1.169109,0.1671505,0.2541412
0.8775337,0.6105284,0.2495484
0.4126857,0.3453575,-0.1835836
0.1915133,-0.1118403,-0.4023021
0.354384,0.2494481,-0.259607
0.6513997,0.3641366,-0.1314917
0.2473673,-0.03370469,-0.1791959
-0.1486734,-0.08101431,-0.08415341
-0.2198124,-0.2021806,0.2425555
-0.2080751,-0.2659044,0.3308025
0.2014136,-0.06860637,0.2514825
0.4003781,0.04889567,0.2372308
0.423766,0.1631422,0.2053083
0.4416961,0.1028938,0.2239559
0.2788802,0.1092872,0.2626508
0.2424595,0.2195059,0.3487279
-0.03211164,0.2227146,0.4126294
-0.3191842,0.4883139,0.3400787
-0.450184,0.6434381,0.1566598
-0.7483929,0.3999839,-0.1751954
-1.007311,0.03272169,-0.3285183
-1.557619,-0.273276,-0.2724462
-1.74661,-0.2019519,-0.3606845
-1.092171,0.04116,-0.5729423
-0.7759425,0.1344974,-0.9281203
-0.8535969,0.05108239,-1.111401
-0.8888807,-0.1453093,-0.7339109
-0.8711108,-0.1523562,-0.2442561
-0.8530559,0.171364,0.02801784
-1.067087,0.6626903,0.2193335
-1.326023,0.8306412,0.2931675
-1.57529,0.5232919,0.3593022
-1.673472,0.3024024,0.5546677
-1.496951,0.2791072,0.6424492
-1.337544,0.2121133,0.5888123
-1.160669,0.2076459,0.5393516
-1.129446,0.2957409,0.3754425
-1.236154,0.3992522,0.1136985
-1.206742,0.4394489,-0.04789031
-1.168641,0.1997654,-0.1329669
-0.8908356,-0.287182,-0.240173
-0.332219,-0.529525,-0.3062726
0.2241211,-0.2479933,-0.3515579
0.8112257,0.04605759,-0.5175057
1.023029,-0.03745732,-0.5856614
0.6639475,0.03558728,-0.2200148
0.4314956,0.562283,0.1386367
0.4058279,0.8833322,-0.08073618
0.09472426,0.3703117,-0.3644893
-0.2436462,-0.2325876,-0.3660471
-0.4068381,0.124266,-0.4888177
-0.6795604,0.423688,-0.4810988
-1.027395,0.06143352,-0.2810756
-1.136149,-0.005392859,-0.2220341
-0.8409735,-0.1260896,-0.06787785
-0.5291693,-0.2844451,0.001036671
-0.4342225,-0.1995255,0.01098257
-0.3481112,-0.4898235,0.3238868
-0.3528183,-0.4916328,0.5493341
-0.3491237,-0.1836724,0.6046729
-0.2577556,0.001916346,0.5007078
-0.2159819,0.4834032,0.2116394
-0.14707,0.6187113,0.1285985
-0.2363318,0.5490498,0.1291321
-0.5966396,0.7863905,0.05850526
-0.9588436,0.7578378,-0.04905116
-1.023986,0.5641246,-0.1902346
-0.9457032,0.2757145,-0.1876387
-1.179495,-0.0721733,-0.1488839
-1.341237,-0.119867,-0.1765315
-1.18995,-0.003856015,-0.3496496
-1.045856,0.1638058,-0.6721687
-0.6844697,0.261002,-0.8681728
-0.3828345,0.03616759,-0.9057503
-0.4393313,-0.3939746,-0.7432533
-0.2417623,-0.54962,-0.4457359
0.1115206,-0.3231872,-0.1710989
0.003343296,0.0337716,0.1474055
-0.2864324,0.4448757,0.1747517
-0.4588818,0.5215534,0.009904988
-0.7979602,0.2618354,0.242961
-0.9350112,0.07128278,0.5009267
-0.6960576,-0.2741215,0.6178603
-0.6610506,-0.5033606,0.7847631
-0.6499194,-0.3224342,0.6416232
-0.5711258,-0.2233087,0.4517441
-0.5495356,-0.07101351,0.2938143
-0.4216962,0.1851398,-0.1185277
-0.380352,0.1560232,-0.3439164
-0.2852862,0.1147569,-0.4092636
0.01317576,0.06491117,-0.4555544
0.4321,-0.3010087,-0.3947243
0.8354225,-0.6759336,-0.3796539
1.035002,-0.6986457,-0.2439381
1.241192,-0.4404194,-0.00602176
1.111604,-0.07990655,0.2837074
0.6504726,0.2662277,0.421185
0.3436454,0.2104232,0.03242082
-0.09149277,0.01468588,-0.2533583
-0.02263593,0.3102672,-0.12434
0.3808041,0.3934389,-0.1655996
-0.03640743,0.05951296,-0.308799
-0.2157338,-0.1654145,-0.1615052
0.07515094,-0.5528798,0.1348106
0.1369506,-0.8177161,0.3229757
0.5565703,-0.6550605,0.3668601
0.8583861,-0.4080234,0.2326085
0.9113351,-0.1883397,0.06955044
1.200021,0.03112792,-0.01157296
1.122643,0.1611701,-0.06907986
0.7224487,0.07626084,0.03797051
0.2841963,0.1344437,0.1170982
0.04884145,0.2029712,0.02142962
0.1089081,-0.1207042,0.004676132
-0.2485538,-0.484843,0.02225608
-0.7839183,-0.7037718,-0.0008824891
-0.7796319,-0.4633635,-0.1126219
-0.2164268,-0.1807107,-0.2823077
0.292975,-0.4577622,-0.342448
0.03520861,-0.499148,-0.3731039
-0.1713774,-0.3291534,-0.335812
0.2359471,-0.2283214,-0.09811736
0.3750704,0.2554301,0.2371776
0.2599408,0.7918434,0.4058614
0.2016882,0.7927563,0.3236836
-0.01869977,0.3150636,0.3361806
-0.2467249,-0.07492421,0.4758693
-0.3129022,-0.2229846,0.4786533
-0.2652681,-0.09487937,0.454396
-0.3269851,0.3004366,0.3507751
-0.5590671,0.4896459,0.0453267
-0.6489138,0.5714935,-0.1624853
-0.3990066,0.3049719,-0.2154113
0.1548709,-0.4468079,-0.2844473
0.6316903,-0.7683667,-0.2853872
0.9318235,-0.5542279,-0.1389593
1.14194,-0.1850439,0.1708071
0.9474583,0.1028403,0.4358127
0.6530033,0.1993679,0.2581485
0.5745389,0.09922536,-0.168351
0.5938216,-0.05441982,-0.344967
0.6560735,0.328643,-0.2928515
0.2861787,0.6525882,-0.2478776
-0.269065,0.4166095,-0.2584266
-0.3429034,0.2921226,-0.09320928
-0.1144514,0.09994076,0.2494828
0.1665975,-0.1266263,0.324914
0.2988629,-0.01773307,0.2673833
0.2930945,0.08961016,0.3310159
0.2826737,0.04394248,0.3112702
0.2208027,0.05987424,0.3203217
0.144203,0.1378497,0.4092967
-0.04299763,0.136172,0.4525971
-0.3110166,0.3665548,0.4146328
-0.6148766,0.7698134,0.2751395
-0.8796977,0.8919437,0.1997239
-0.937665,0.7956021,0.1791985
-1.146901,0.647071,0.1229726
-1.535777,0.5124984,0.06566599
-1.598877,0.2376863,0.01111816
-1.329646,0.06025498,-0.03464755
-1.177676,0.1940829,-0.2058156
-1.362292,0.1630837,-0.5377924
-1.43689,0.161772,-0.7182458
-1.142985,0.4613135,-0.4539866
-1.001882,0.7957714,-0.1464698
-1.493104,0.9342679,-0.2408215
-2.249443,0.779562,-0.2202054
-2.409561,0.6610106,0.1284833
-2.011119,0.5719726,0.5012567
-1.840003,0.4877336,0.8204642
-2.079432,0.5874524,0.836392
-2.220896,0.5511577,0.735918
-1.943082,0.4964757,0.6810123
-1.532376,0.5183541,0.3438988
-1.181618,0.3727332,-0.005976802
-0.8828469,0.2477496,-0.1908202
-0.6911616,0.1139198,-0.3654662
-0.5467516,0.00450444,-0.4229595
-0.5611552,0.04748012,-0.4304298
-0.6084653,0.1092559,-0.4905038
-0.4464998,0.2934994,-0.5980246
-0.3283651,0.4125843,-0.6464115
-0.2879585,0.2365508,-0.5145058
-0.2776948,0.07521179,-0.352257
-0.299756,0.06485487,-0.2989832
-0.203757,0.06669903,-0.3553456
-0.1277568,0.04092603,-0.386992
-0.03750631,0.007450701,-0.2851263
0.06420745,-0.1578107,-0.0959241
0.02539383,-0.4089268,0.238036
0.09725591,-0.4072269,0.4970093
0.2881666,-0.1299575,0.3103761
0.4366967,0.09194754,0.003413552
0.4669427,0.05570554,-0.03825198
0.4002412,0.0923521,-0.07937026
0.4739659,0.3021125,-0.3759743
0.4131969,0.1657933,-0.7614838
0.008494444,-0.1082631,-0.8044717
-0.2540188,-0.261346,-0.5506459
-0.02286173,-0.5134376,-0.4659191
0.437815,-0.4845588,-0.2985108
0.6289475,-0.357183,0.01343631
0.6917375,-0.5340374,0.0942254
0.7355994,-0.599519,0.1956517
0.5711683,-0.6718019,0.2802894
0.4799882,-0.7372357,0.2253137
0.4330942,-0.5545389,0.227362
0.4027949,-0.4539982,0.1858722
0.4861381,-0.2300659,0.1693311
0.4885902,0.08115204,0.1828831
0.513309,0.1433488,0.1579885
0.3273447,0.3192308,0.1737975
0.03263768,0.485706,0.1328447
0.08327468,0.2738834,0.03946214
-0.211888,-0.1557428,-0.08720596
-1.034746,-0.518082,-0.1992043
-1.299231,-0.5747317,-0.299122
-0.5393051,-0.3909776,-0.4669791
0.1776062,0.002138293,-0.4929964
0.08322309,0.4115828,-0.4560552
0.3605648,0.1664929,-0.4461124
1.033195,-0.2213397,-0.09276955
0.6732169,0.1622906,0.3442763
0.2397175,0.3438153,0.3021954
0.5402339,-0.05987731,0.1815767
0.4793391,-0.1502792,0.3879015
0.4051108,-0.1655658,0.5194592
0.5957864,-0.2250371,0.5170943
0.4613213,-0.1689307,0.5254998
0.4499541,-0.1395485,0.3411383
0.4695355,0.05149002,0.07967204
0.3582922,0.1249398,-0.1413203
0.3983167,-0.01963236,-0.3136425
0.3471183,-0.1991728,-0.380591
0.5567774,-0.5147527,-0.4387544
1.019984,-0.8086682,-0.3875675
1.261261,-0.8626142,-0.2988091
1.453257,-0.5786671,-0.2474985
1.454352,-0.3032749,0.003870477
1.283647,-0.1764248,0.3256752
1.11565,-0.003549345,0.4157959
0.8229153,-0.02571659,0.1190301
0.7733611,-0.1764325,-0.1796398
1.076599,-0.2627733,-0.029859
1.216338,-0.1508102,0.04480095
0.9788919,0.03562283,-0.1314036
0.5675881,-0.1183887,-0.1086211
0.305203,-0.2593078,0.008261046
0.338208,-0.3444126,0.14077
0.5829335,-0.568426,0.2913184
0.8603091,-0.5396115,0.3343507
0.9837201,-0.4992157,0.3783271
1.02219,-0.5873813,0.3454603
1.072354,-0.4709623,0.2065226
1.031495,-0.2910649,0.1660348
0.9111412,-0.08988158,0.1879661
0.6306552,0.1722207,0.2255854
0.2069226,0.2660802,0.2169399
0.02523016,0.09264092,0.1260026
-0.09151661,-0.2193931,0.04838538
-0.5236661,-0.3548406,-0.07128897
-0.7063873,-0.2073833,-0.2857125
-0.2534591,-0.03086102,-0.512012
0.1317496,0.09539396,-0.550514
0.06521295,0.1712772,-0.5356455
0.04111355,0.1143268,-0.6514969
0.3286637,-0.06372926,-0.438127
0.7200109,-0.200687,0.044081
0.8791773,0.007467986,0.2513899
0.6295371,0.2751318,0.1963474
0.4024225,0.07665306,0.1630782
0.4913914,-0.2328709,0.3725272
0.4993742,-0.3978132,0.5235829
0.4197211,-0.4928049,0.4995726
0.4403629,-0.3181353,0.4928482
0.3212909,-0.09511363,0.2262229
0.1436843,0.09676675,-0.1097299
0.07350081,0.3325275,-0.192372
0.1029248,0.2161908,-0.1332863
0.401067,-0.1956873,-0.08489039
0.8024845,-0.6410942,-0.207722
1.030267,-0.7601666,-0.2799169
1.290936,-0.3933192,-0.2938593
1.601682,-0.2707928,-0.2775301
1.543084,-0.2745895,-0.03317412
1.198522,0.2095143,0.142076
0.9706434,0.6110445,0.1197945
0.8511686,0.3009126,-0.0417731
0.7817402,-0.1105875,-0.1747465
0.6863327,0.1405333,-0.1142887
0.6691516,0.1890592,-0.1750922
0.7410947,-0.3188567,-0.3022818
0.535139,-0.5386476,-0.2824208
0.4274555,-0.7080947,-0.1556004
0.6810457,-0.8667612,0.01233079
0.9450821,-0.8631348,0.09772802
1.13813,-0.8707101,0.2352227
1.09046,-0.75396,0.3725759
1.038174,-0.706237,0.307214
1.160688,-0.4572802,0.1898093
1.236417,-0.1109376,0.1388601
1.313698,-0.07723313,0.1681818
1.021297,0.1620186,0.2233077
0.4133038,0.4941376,0.1894338
0.0841237,0.5597415,0.09439458
-0.221732,0.1789525,-0.0002953733
-0.8651526,-0.4740846,-0.1087241
-1.262786,-0.5540341,-0.260215
-0.6519541,-0.2015148,-0.416253
0.0150248,0.06640899,-0.3899681
-0.2556857,0.1553423,-0.3003762
-0.244992,0.05609821,-0.4379946
0.4542233,-0.08267662,-0.423189
0.8256783,-0.2026267,-0.03022271
0.7082374,0.03231145,0.2735558
0.4054338,0.3685469,0.2378291
0.2293415,0.1788422,0.1759051
0.1397913,-0.07467801,0.3714881
0.1139337,-0.217797,0.4157265
0.2350141,-0.3692379,0.3319455
0.1264556,-0.1322658,0.3658677
1.092158,-0.1262792,-0.195727
1.465979,-0.007084867,-0.04868024
1.186327,0.1753909,-0.2781274
0.5856054,0.07269597,-0.3460877
0.2360083,-0.2996867,-0.1507043
0.3135309,-0.3930828,0.009663775
0.637728,-0.6042003,0.1458461
0.7011244,-0.7248206,0.271607
0.6741173,-0.7030201,0.3165334
0.8073617,-0.8685557,0.2967673
0.7560229,-0.6145068,0.1928067
0.7465963,-0.1938415,0.0405064
0.7421282,0.04841332,-0.08547567
0.5421541,0.3002421,-0.07134385
0.235808,0.2318627,0.01116504
-0.2239354,0.08773016,-0.01334925
-0.378615,0.01177844,-0.01990085
-0.4797139,-0.2460314,-0.0734481
-0.8036309,-0.4327622,-0.2295281
-0.5685796,-0.4342874,-0.3108895
0.136575,-0.3652136,-0.3726483
0.6874802,-0.3954716,-0.3789179
0.6210911,-0.4619708,-0.2998405
0.3383891,-0.4110307,-0.2077474
0.6057975,-0.3103932,-0.07734107
0.6468658,-0.1277848,0.1066727
0.4817928,-0.04652227,0.3337276
0.6093788,0.02002743,0.3861049
0.3210574,0.1708463,0.3206476
0.09182571,-0.007618317,0.3737149
0.2326168,-0.2202683,0.3715252
0.2530648,-0.257727,0.3432219
0.3355732,-0.2976216,0.2950187
0.2669158,-0.09485306,0.05531676
0.07624024,0.1162141,-0.1530778
-0.04361465,0.1710769,-0.2228509
-0.09154662,0.1521265,-0.2918234
0.1594234,-0.1875825,-0.4000898
0.4689986,-0.5163635,-0.3891442
0.8560143,-0.2920038,-0.06132273
1.189133,0.2396274,0.2551545
1.035582,0.4598675,0.1609022
0.7117713,0.2843656,-0.123079
0.5369444,0.1069811,-0.2728515
0.7022934,0.09333347,-0.2826897
0.9024643,-0.009343803,-0.2391303
0.5792729,-0.2725876,-0.205373
0.2265456,-0.3255233,-0.1268829
0.2055964,-0.2982591,0.0607922
0.1873604,-0.339824,0.2176468
0.1970596,-0.2434322,0.3684573
0.2734889,-0.2104311,0.454563
0.3286637,-0.1361964,0.2636722
0.4968487,0.06645561,0.05767399
0.7106968,0.2229691,-0.01866747
0.7297186,0.3295139,0.005453822
0.3965192,0.2921385,0.1253575
-0.1638248,0.3762454,0.1055428
-0.4223824,0.4144187,0.0205651
-0.5237998,-0.09995407,-0.04833388
-1.036206,-0.8079761,-0.09674582
-1.378875,-1.015423,-0.09292727
-0.8979504,-0.4372793,-0.2033335
-0.2095464,0.1371024,-0.2262181
0.0356489,0.07773753,-0.1649069
-0.03204185,-0.1562081,-0.190393
-0.1139425,-0.2991427,-0.09646859
-0.08842556,-0.1915133,0.02279473
-0.04730153,0.1678133,0.2003932
0.04017808,0.4711936,0.4280233
0.1464377,0.532711,0.4009615
-0.1942974,0.3143507,0.3393604
-0.7103938,0.1629218,0.3545658
-0.7336329,0.130656,0.2262007
-0.5733538,0.1245656,0.04731902
-0.5820175,0.2905547,-0.03570736
-0.7067089,0.3945192,-0.04810535
-0.8001162,0.4089975,-0.07443765
-0.6379513,0.2550284,-0.1985318
-0.280694,-0.2416771,-0.3742129
0.3330437,-0.5283035,-0.3848044
1.167443,-0.2577991,-0.1870304
1.432089,0.2334468,0.05289082
0.9291656,0.4421865,0.1374532
0.3516243,0.3366415,-0.1327462
-0.07280564,0.2366838,-0.4236226
-0.07542791,0.2294225,-0.347578
0.1360388,0.4939812,-0.3270572
-0.2683229,0.7377456,-0.4617659
-0.6783922,0.419652,-0.3639477
-0.6890593,-0.03641319,-0.1328843
-0.6504663,-0.1070912,0.1150099
-0.3582699,-0.03347477,0.2280619
-0.2880348,-0.07141726,0.2405168
-0.3646566,-0.06216108,0.4629322
-0.2614045,0.004449421,0.5025751
-0.3713133,0.09964664,0.3991388
-0.3805725,0.2403632,0.5268102
-0.4502361,0.2552202,0.5133444
-0.6882842,0.2831454,0.5124787
-0.7881108,0.3933484,0.5716386
-1.036011,0.4885677,0.4250391
-1.188584,0.5838198,0.310706
-1.188817,0.4138252,0.1389783
-1.251847,0.03858781,0.003771295
-1.272707,-0.2478624,-0.04187533
-1.320625,-0.366542,-0.2532218
-1.318472,0.03679736,-0.4567136
-1.225632,0.696551,-0.7403346
-1.101476,0.7169682,-0.9188434
-1.130838,0.3146686,-0.6593951
-1.267629,0.1580885,-0.3554326
-1.299839,0.1995216,-0.1481391
-1.393641,0.2108678,-0.09434793
-1.365801,0.1049492,-0.07664395
-1.249485,0.1059465,0.2463676
-1.267934,0.2040228,0.4142208
-1.232509,0.1939125,0.3505031
-1.271725,0.33651,0.4384756
-1.288045,0.4785741,0.3996223
-1.150522,0.4508475,0.2520237
-1.032055,0.4808672,0.1449122
-0.9327609,0.4228133,0.006150157
-0.9402487,0.2688788,-0.007052138
-0.889625,0.1279052,-0.04115274
-0.7170192,0.09864683,-0.2114938
-0.580029,0.1257601,-0.37123
-0.3770257,-0.02122556,-0.5145879
-0.1878117,-0.05948894,-0.5633409
0.0246347,-0.02233082,-0.5770917
0.2356689,-0.0823787,-0.6345507
0.3408598,-0.03098971,-0.6446622
0.4919063,-0.03241229,-0.6650779
0.4462865,-0.03275494,-0.6734175
0.3724497,0.04080005,-0.5267566
0.5812104,0.03442129,-0.08931171
0.6573938,0.1142596,0.4997157
0.5769439,0.1853015,0.5896036
0.219191,0.1637205,0.1180923
-0.4030049,0.242018,-0.1598863
-0.5703777,0.3975997,-0.1218832
-0.4779964,0.4023575,-0.1711454
-0.5744313,0.005952919,-0.2141554
-0.5950614,-0.5552474,-0.08467956
-0.3831474,-0.7618122,-0.00748071
0.05472416,-0.6527662,-0.0151346
0.4789961,-0.6570371,0.04561932
0.5614599,-0.7788197,0.1401595
0.4357997,-0.7745007,0.2726084
0.3993116,-0.7055095,0.3045523
0.3836501,-0.5639314,0.1878705
0.3345666,-0.3481981,0.185876
0.3717191,-0.08377424,0.2160662
0.3213856,0.2628762,0.2168918
0.06756739,0.4064835,0.2538527
-0.2802376,0.3515658,0.192683
-0.5945691,0.2200692,0.0817969
-0.7813577,-0.06534489,-0.07256002
-0.8503338,-0.2131852,-0.2656662
-0.6349153,-0.201041,-0.3778314
-0.4003287,-0.1865667,-0.3643078
-0.5841083,-0.01057726,-0.2520041
-0.6900017,0.2155217,-0.2377396
-0.4932864,0.2998633,-0.2516265
-0.2498889,0.3142711,-0.1638643
0.09323039,0.2506436,0.04144301
0.1956406,0.09239484,0.4263843
-0.09098379,0.09712115,0.5380961
-0.3999598,0.2276958,0.3591225
-0.6762042,0.2264665,0.3011593
-0.7813276,0.2263189,0.1189653
-0.7251092,0.1874878,-0.02206453
-0.7878628,0.0670587,0.07437674
-0.6471054,-0.0517678,0.04146494
-0.2064761,-0.2730748,-0.02782913
0.1638615,-0.3547712,-0.09413356
0.5986074,-0.2583784,-0.2307371
1.071239,-0.2314402,-0.2012844
1.288309,-0.1038604,-0.03943207
1.308445,0.2774985,0.1420864
1.191525,0.5917479,0.1888545
0.8745043,0.3627128,-0.08180741
0.5314398,0.05457094,-0.2826149
0.5171195,0.1813438,-0.1094444
0.5223964,0.2090976,0.007118484
0.1527279,0.1550754,-0.1817715
-0.2188558,0.1846749,-0.2782612
-0.3713764,-0.0225304,-0.1263771
-0.2492365,-0.2819564,0.01029665
-0.00169935,-0.4887006,0.1333566
0.1259972,-0.5697104,0.2820194
0.2276261,-0.4731042,0.3308367
0.1755989,-0.3514772,0.2902231
0.18022,0.01179933,0.1746562
0.3363611,0.2905513,0.05020261
0.3385945,0.2213824,0.04663389
0.334803,0.3383374,0.07251813
0.1804602,0.4529915,-0.0001179599
-0.04972064,0.2487849,-0.07711244
-0.2491115,-0.007784636,-0.08444551
-0.7874584,-0.203983,-0.04642284
-1.261297,-0.2565757,0.01282995
-1.299107,-0.107484,-0.02539536
-1.14227,0.0542655,-0.1023057
-1.055444,0.01695325,-0.1160773
-1.098104,-0.0182185,-0.1507803
-1.180512,0.06157462,-0.07847445
-1.234078,0.02214462,0.05418117
-0.8332073,0.06830423,0.0831001
-0.3305784,0.3345755,0.2285137
-0.4934939,0.5900286,0.4175766
-0.7778057,0.6451408,0.4001585
-0.9502922,0.4507828,0.4289233
-1.220714,0.2485002,0.6251006
-1.134803,0.03373196,0.6556629
-0.9389333,-0.04050389,0.5641652
-0.9907626,0.2002164,0.5128717
-0.8841999,0.2974649,0.2758812
-0.7723725,0.3092101,0.05405124
-0.7049015,0.258639,0.02850619
-0.3382681,-0.0903622,-0.1099476
-0.01031209,-0.3903592,-0.2471236
0.2952725,-0.4610665,-0.2784059
0.9055836,-0.145907,-0.439143
1.361196,0.1941184,-0.5343888
1.188785,0.1424854,-0.2584681
0.7069713,0.4826287,0.02532754
0.3997805,0.8938159,-0.1199083
0.2144515,0.3356722,-0.4439971
0.06912856,-0.2056905,-0.6068397
-0.08375812,0.1455304,-0.4570529
-0.3294605,0.3580547,-0.1609325
-0.6376041,0.1467793,-0.1770968
-0.9170423,0.1100951,-0.2509361
-0.8792392,-0.1357438,-0.1148125
-0.6128125,-0.4076528,-0.007437594
-0.2626873,-0.3221413,0.2050848
-0.02726448,-0.3627345,0.3998609
-0.1321145,-0.3399411,0.4392406
-0.1578952,-0.2110695,0.5002793
-0.2618264,-0.1063242,0.3756808
-0.4007153,0.1928315,0.1823259
-0.2451756,0.3048497,0.1267187
-0.2379253,0.2159557,0.1183148
-0.2112009,0.2031631,0.2022773
-0.2902762,0.2620769,0.229971
-0.5762358,0.4561175,0.2042828
-0.5800027,0.6243856,0.178049
-0.7448012,0.6056833,0.02466005
-1.072634,0.3423543,-0.1232866
-1.287146,-0.05594323,-0.1601519
-1.545643,-0.2402379,-0.1361501
-1.467137,0.1297388,-0.2822538
-0.9157323,0.6038796,-0.6422796
-0.4129558,0.362714,-0.8863683
-0.4578871,-0.01960933,-0.9426859
-0.5035563,-0.2261736,-0.8943347
-0.08285883,-0.5010166,-0.7453681
0.01336546,-0.2776808,-0.3140272
-0.06871366,0.01376147,0.2625696
-0.1596323,0.1779291,0.3209245
-0.8322806,0.5769364,0.1041572
-1.254867,0.5238134,0.2154542
-1.119625,0.2723199,0.3909466
-0.9801312,0.1622253,0.5394994
-0.7609495,-0.07800637,0.6644744
-0.7604979,-0.1222214,0.5418405
-0.7506833,-0.12197,0.4451117
-0.4803233,-0.1414091,0.3988262
-0.3802918,-0.03680679,0.1823198
-0.2232973,0.1194137,-0.0415812
-0.08558046,0.3595214,-0.3083997
-0.1386671,0.2638316,-0.4060208
-0.01884474,-0.00772719,-0.251296
0.3455411,-0.1796451,-0.2816764
0.8886381,-0.5617534,-0.3186583
1.18048,-0.6767634,-0.2731734
1.185496,-0.4554556,-0.2594496
1.366579,-0.2718958,-0.06068437
1.279616,0.09724752,0.1997494
0.8388917,0.2574898,0.2749266
0.5046551,0.07591358,-0.09656219
0.2394874,0.02494979,-0.5252302
0.4117655,-0.06508139,-0.3066031
0.726364,-0.0579352,-0.1248358
0.4859785,0.06779038,-0.3074735
0.2753902,-0.2204194,-0.1656894
0.1997251,-0.547207,0.03117684
0.2576779,-0.594251,0.03931791
0.7119203,-0.650626,0.1264719
0.8696586,-0.6749024,0.1923116
0.8799983,-0.636073,0.2660406
1.004768,-0.4413012,0.2704352
0.8830257,-0.1168426,0.1439443
0.8518492,0.0245405,0.1176754
0.7472795,0.005564087,0.1465206
0.4311527,0.03173504,0.2484488
0.2210759,0.1621688,0.3290814
0.05411015,0.2797813,0.1993238
-0.01994157,0.2947186,0.06928542
-0.2139862,0.1099338,0.02807486
-0.5076583,-0.1891644,0.02619734
-0.5719348,-0.200621,-0.06554109
-0.5631288,-0.02323034,-0.2861296
-0.4725458,0.1104752,-0.4195423
-0.2175045,0.1666596,-0.445046
0.01101043,-0.0403589,-0.372029
-0.02147966,-0.3169449,-0.2824168
-0.07889286,-0.4087919,-0.2845139
0.1999218,-0.3566033,-0.2690273
0.5246791,-0.2050632,-0.1645042
0.7955029,0.04374963,0.08196477
0.8027957,0.3440819,0.2720633
0.2935094,0.3664117,0.2543839
-0.02803433,0.09181991,0.3428209
0.09013229,-0.2047777,0.5059292
0.2679562,-0.527312,0.4762292
0.3876804,-0.6080648,0.4092178
0.4268385,-0.4200148,0.3383317
0.475846,-0.2752218,0.102785
0.4925406,0.01228377,-0.1626739
0.4928998,0.1821103,-0.3031176
0.5300648,-0.06032415,-0.2966884
0.6759886,-0.3506845,-0.2167659
1.036215,-0.7482262,-0.2266683
1.316504,-0.8863934,-0.3215026
1.502478,-0.333723,-0.4083198
1.625576,0.043071,-0.3315372
1.401867,-0.008691782,-0.02677224
1.012782,0.1942398,0.3157853
0.8097718,0.4211113,0.4492877
0.9073637,0.07862736,0.1632574
1.10647,-0.2180464,-0.1297554
1.302811,0.1904043,-0.06985664
1.411336,0.4600237,-0.1758881
0.8440241,0.2571628,-0.387964
-0.07977952,0.1506289,-0.3207323
-0.2357598,-0.1400518,-0.2107137
0.3160497,-0.611273,-0.05045684
0.8801526,-0.6747894,0.212623
1.162176,-0.557151,0.4245271
1.088092,-0.641858,0.5494109
0.9480981,-0.6278583,0.5391042
0.9385527,-0.4375063,0.4644298
0.877408,-0.2859603,0.3238514
0.861797,-0.1156029,0.1166429
0.8543725,-0.03988452,0.09371209
0.6045517,0.0408056,0.1537305
0.3006516,0.2312882,0.06083529
0.1497842,0.1812036,-0.01915262
0.05972261,-0.1016851,-0.02031243
-0.35534,-0.4974268,-0.02800396
-0.8539481,-0.6608829,-0.08749855
-0.4400393,-0.3144646,-0.2717512
0.404405,0.03752616,-0.428419
0.6046589,0.1491884,-0.4262969
0.4475464,-0.04767294,-0.4271198
0.3683752,-0.3766036,-0.4014488
0.5256505,-0.347052,-0.1818561
0.6744174,-0.26027,0.05649088
0.5105,-0.2217516,0.1191944
0.4163382,-0.06386874,0.1388884
0.324148,-0.1363574,0.2422855
0.1500952,-0.2687694,0.3469101
0.1708379,-0.2483956,0.3591157
0.2072361,-0.2435689,0.3443352
0.2767898,-0.05425474,0.2963771
0.3355886,0.2519223,0.06761128
0.268808,0.2915396,-0.2555112
0.2348151,0.1432786,-0.421171
0.202683,0.0230916,-0.3459647
0.3372801,-0.2087947,-0.2554013
0.6703328,-0.6162904,-0.2918093
1.03531,-0.7284318,-0.2723663
1.421045,-0.3904014,-0.2152896
1.519002,-0.09103183,-0.05756065
1.329621,0.1231236,0.2194888
1.200176,0.3012988,0.1673921
1.0131,0.09173909,-0.1002543
0.771764,-0.171844,-0.2122152
0.7944628,-0.0369295,-0.1960486
0.7837896,0.04995697,-0.04850416
0.4455368,-0.0184874,0.01089827
0.2131162,0.02786069,-0.09980734
